Post_ID,Post_Time,Post_Text,Post_Sentiment,Numbered_Sentiment,Post_From
3834037706633755,2021-02-28 23:15:38,Adrian Hill director of Oxford University's Jenner Institute and the co-creator of the AstraZeneca-Oxford COVID-19 vaccine that has been newly approved for use in Canada tells Power & Politics the vaccine has shown that it can prevent severe illness.,4,CBCVancouver
3834015369969322,2021-02-28 22:15:29,Online learning. Stunted careers. Relationships that never had a chance to blossom and opportunities that might never materialize. CBC News spoke to six young adults about how the first year of the pandemic has affected their lives.,4,CBCVancouver
3833187936718732,2021-02-28 14:15:27,Point of View: It's no secret the days of a pandemic kind of suck so say it out loud! But if we shout out the bad things we need to shout out the good in equal measure.CBC.CAPOINT OF VIEW | How to help your kids hold onto hope during the dark days of the pandemic | CBC News,4,CBCVancouver
3830745820296277,2021-02-27 14:45:01,Online learning. Stunted careers. Relationships that never had a chance to blossom and opportunities that might never materialize. CBC News spoke to six young adults about how the first year of the pandemic has affected their lives.,4,CBCVancouver
3830154080355451,2021-02-27 13:15:11,If you allow them to take that small risk you're preventing the people that are going to fatigue and say 'Well I'm just going to have my family over we've been fine we've been isolating for weeks I deserve this' and then have COVID transmission that way.CBC.CAWhy we need to rethink COVID-19 risk as the weather warms up | CBC News,3,CBCVancouver
3828979677139558,2021-02-27 01:19:35,Positive cases have been confirmed at Queen Elizabeth Secondary School Frank Hurt Secondary School and M.B. Sanford Elementary School.CBC.CACOVID-19 variant of concern confirmed at 3 more schools in Surrey B.C. | CBC News,4,CBCVancouver
3828441087193417,2021-02-27 00:45:39,These are the things the chains of transmission that we need to stop as soon as we can.CBC.CAB.C. must break chains of transmission official says as 300 COVID-19 cases linked to pub's 1 trivia night | CBC News,0,CBCVancouver
3827555483948644,2021-02-26 18:37:34,A total of 1355 people in B.C. have lost their lives due to COVID-19.CBC.CAB.C. records 521 new cases of COVID-19 as active cases reach highest number in 6 weeks | CBC News,2,CBCVancouver
3826354877402038,2021-02-26 16:15:05,B.C.'s provincial health officer says the province recognizes not all seniors have access to technology and health-care workers will reach out to seniors directly.CBC.CAFrustration grows among B.C. seniors over lack of COVID-19 vaccine information | CBC News,0,CBCVancouver
3825499687487557,2021-02-26 11:15:46,This means potential for rapid growth if we are not careful.CBC.CAWhat you need to know about COVID-19 in B.C. for Feb. 26 | CBC News,3,CBCVancouver
1072222516596318,2021-02-26 01:55:12,Tonight on CBC Vancouver News at 11:Dr. Bonnie Henry faces more public backlash but is not easing restrictions how the pandemic is driving a boom in house sales in Metro Vancouver and local flower growers and soap makers say pandemic rules at farmers' markets need to change.,4,CBCVancouver
3822498657787660,2021-02-26 01:15:37,In British Columbia and Quebec meanwhile Davis says it appears pharmacists could play a role at the mass vaccination sites but not within the drugstores themselves.CBC.CALoblaw ready to call on pharmacists supply chain to help COVID-19 vaccine rollout | CBC News,0,CBCVancouver
3824109270959932,2021-02-26 01:00:08,Tonight on CBC Vancouver News at 11:Dr. Bonnie Henry faces more public backlash but is not easing restrictions how the pandemic is driving a boom in house sales in Metro Vancouver and local flower growers and soap makers say pandemic rules at farmers' markets need to change.WATCH LIVE: CBC Vancouver News at 11 for Feb. 25 - Restrictions persist Housing sales Farmer’s markets,4,CBCVancouver
3822468941123965,2021-02-26 00:15:34,A shortage of semiconductors — the microchips needed in everything from military equipment to coffee makers — is causing delays around the world disrupting supply chains for smartphones and causing major problems in the auto industry.CBC.CAPlaystations scarce automakers stalled amid pandemic supply-line disruptions | CBC News,2,CBCVancouver
426433155325603,2021-02-25 20:58:12,Tonight on CBC Vancouver News:Dr. Bonnie Henry faces more public backlash but is not easing restrictions how the pandemic is driving a boom in house sales in Metro Vancouver and a B.C. teen sent home for what she was wearing gets more support from fellow students.,4,CBCVancouver
3822625344441658,2021-02-25 20:33:44,Tonight on CBC Vancouver News:Dr. Bonnie Henry faces more public backlash but is not easing restrictions how the pandemic is driving a boom in house sales in Metro Vancouver and a B.C. teen sent home for what she was wearing gets more support from fellow students.WATCH LIVE: CBC Vancouver News at 6,4,CBCVancouver
3821373831233476,2021-02-25 12:15:23,People still need to err on the side of caution and keep their guard up awhile longer whether vaccinated or not.CBC.CASo you got your COVID-19 shot. Does that mean life goes back to normal? | CBC News,2,CBCVancouver
3821355834568609,2021-02-25 11:15:27,A recent survey shows millennials are among those purchasing homes in the pandemic — often for the first time.CBC.CASpike in B.C. home sales attributed to remote work increased savings | CBC News,3,CBCVancouver
3821337704570422,2021-02-25 10:15:11,Vaccinating our entire population is a monumental task that must account for the diversity of our geography and our populationCBC.CAWhat you need to know about COVID-19 in B.C. for Feb. 25 | CBC News,0,CBCVancouver
330237565096823,2021-02-25 01:55:11,Tonight on CBC Vancouver News at 11:B.C.’s expanded COVID-19 vaccination workforce is ready and waiting to get to work teenager hit and run victim continues long road to recovery as suspect remains free and the changes to B.C.’s campsite reservation system.,4,CBCVancouver
3819803218057204,2021-02-25 01:38:45,Tonight on CBC Vancouver News at 11:B.C.’s expanded COVID-19 vaccination workforce is ready and waiting to get to work teenager hit and run victim continues long road to recovery as suspect remains free and the changes to B.C.’s campsite reservation system.WATCH LIVE: CBC Vancouver News at 11 for Feb. 24 - Vaccination volunteers Teen recovering Camping reservations,4,CBCVancouver
747335812588468,2021-02-24 20:58:12,Tonight on CBC Vancouver News:B.C.’s expanded COVID-19 vaccination workforce ready and waiting to get to work young hit & run victim starts long road to recovery as suspect is still on the loose and the changes to B.C.’s campsite reservation system.,3,CBCVancouver
3818190448218481,2021-02-24 20:32:34,Tonight on CBC Vancouver News:B.C.’s expanded COVID-19 vaccination workforce ready and waiting to get to work young hit & run victim starts long road to recovery as suspect is still on the loose and the changes to B.C.’s campsite reservation system.WATCH LIVE: CBC Vancouver News at 6,3,CBCVancouver
3817429011627958,2021-02-24 18:15:28,BREAKING NEWS: B.C. health officials announced 456 new cases of COVID-19 and two more deaths on Wednesday.CBC.CAOfficials ready for 'monumental task' of mass vaccinations as B.C. records 456 new cases | CBC News,4,CBCVancouver
3816648071706052,2021-02-24 17:15:58,The Migrant Rights Network says it fears that countless migrant and undocumented workers won't get vaccinated because of their immigration status.CBC.CAAdvocacy groups call for COVID-19 vaccine plan for migrants undocumented workers | CBC News,0,CBCVancouver
3815744945129698,2021-02-24 11:15:46,So far 224354 doses of COVID-19 vaccine have been administered including 58896 second doses.CBC.CAWhat you need to know about COVID-19 in B.C. for Feb. 24 | CBC News,3,CBCVancouver
3815720695132123,2021-02-24 09:15:14,So is Canada destined for a third wave? Or will we be able to adequately respond to the threat of variants spreading across the country to avoid one altogether?CBC.CAWhat a 3rd wave of COVID-19 could look like in Canada — and how we can avoid it | CBC News,4,CBCVancouver
3813005438736982,2021-02-23 22:45:00,We are hosting two free virtual one-hour discussions about the COVID-19 vaccine and how it affects Indigenous and multicultural communities. ⁠⁠Head to cbc.ca/ourshot to register for one of the following conversations on Wednesday March 3:⁠⁠4:30 p.m. – Community Conversation: COVID-19 vaccines and Indigenous communities.⁠⁠CBC Vancouver's Angela Sterritt and Dr. Shannon McDonald Acting Chief Medical Officer First Nations Health Authority for a discussion about the cultural and geographical considerations of COVID-19 vaccine distribution in B.C.'s Indigenous communities. ⁠⁠6:00 p.m. – Community Conversation: COVID-19 vaccines and multicultural communities⁠⁠CBC Vancouver's Anita Bathe for a discussion about the COVID-19 vaccine and effective rollout and communication in B.C.'s multicultural communities. Guest TBD.,4,CBCVancouver
3813865071984352,2021-02-23 22:15:00,B.C.'s provincial health officer says we need to continue doing our part to manage the pandemic as the province gets ready to deliver vaccines to the first age group. cbc.ca/1.5925142,4,CBCVancouver
3065479037012908,2021-02-23 20:58:13,Tonight on CBC Vancouver News:How the vaccine has become a game changer in B.C.’s COVID-ravaged long-term care homes young adults share how they’ve struggled during the pandemic and why coyotes are biting joggers in Stanley Park.,1,CBCVancouver
3813844848653041,2021-02-23 20:32:20,Tonight on CBC Vancouver News:How the vaccine has become a game changer in B.C.’s COVID-ravaged long-term care homes young adults share how they’ve struggled during the pandemic and why coyotes are biting joggers in Stanley Park.WATCH LIVE: CBC Vancouver News at 6,2,CBCVancouver
3812948382076021,2021-02-23 18:21:37,A total of 1336 people in B.C. have lost their lives due to COVID-19 since the pandemic began.CBC.CAB.C. records 559 new cases of COVID-19 and 1 more death | CBC News,4,CBCVancouver
559474358297478,2021-02-23 17:56:44,Provincial Health Officer Dr. Bonnie Henry and Health Minister Adrian Dix provide the latest COVID-19 numbers in the province.,4,CBCVancouver
3812462748791251,2021-02-23 17:15:13,"Teachers and support staff at École Woodward Hill Elementary School in Surrey B.C. staged a ""solidarity walk-in"" Tuesday morning to draw attention to what they say are too lax COVID-19 safety measures in light of new cases of a rapidly spreading coronavirus variant.CBC.CASurrey elementary school staff stage solidarity walk-in to demand greater COVID safety | CBC News",4,CBCVancouver
3812058355498357,2021-02-23 15:15:10,Throughout the pandemic doctors have seen a surge in eating disorders in children and teens exacerbating what they say was already a critical mental health issue in this country.CBC.CATeen shares how eating disorder unfolded as doctors grapple with surge in cases during pandemic | CBC Radio,2,CBCVancouver
3811720675532125,2021-02-23 14:15:02,And will full clinical trials be needed to approve booster shots?CBC.CAWill we need booster shots against the variants? Your COVID-19 questions answered | CBC News,4,CBCVancouver
3811667588870767,2021-02-23 13:15:46,Three young adults share how the pandemic has changed their lives.CBC.CAYoung adults find careers dreams relationships on hold a year into COVID-19 pandemic | CBC News,0,CBCVancouver
3811661425538050,2021-02-23 12:15:41,Analysis: Province considers staying the course the best path out of the pandemic — at least for now.CBC.CA'No indication … we need to change' says B.C. as signs of a third wave increase | CBC News,4,CBCVancouver
3811643315539861,2021-02-23 11:15:10,The rolling seven-day average of daily COVID-19 case counts is starting to rise again and test positivity rates are climbing as B.C. struggles to get the second wave of the pandemic under control.CBC.CAWhat you need to know about COVID-19 in B.C. for Feb. 23 | CBC News,2,CBCVancouver
180207006899756,2021-02-22 20:58:12,Tonight on CBC Vancouver News:No evidence yet of transmission after COVID-19 variants of concern found in 7 B.C. schools why a UBC student says an officer tried to talk her out of filing a complaint against an on-campus voyeurism suspect and a B.C. farmer’s hands-on approach to dealing with a hungry visitor.,1,CBCVancouver
3810501732320686,2021-02-22 20:32:35,Tonight on CBC Vancouver News:No evidence yet of transmission after COVID-19 variants of concern found in 7 B.C. schools why a UBC student says an officer tried to talk her out of filing a complaint against an on-campus voyeurism suspect and a B.C. farmer’s hands-on approach to dealing with a hungry visitor.WATCH LIVE: CBC Vancouver News at 6,2,CBCVancouver
3810450918992434,2021-02-22 20:02:03,So far 218716 doses of COVID-19 vaccine have been administered including 55057 second doses.CBC.CAB.C. records 1428 new cases of COVID-19 and 8 more deaths over the weekend | CBC News,4,CBCVancouver
421300595804193,2021-02-22 17:59:44,Minister of Education Jennifer Whiteside and Deputy Provincial Health Officer Dr. Reka Gustafson will provide an update on COVID-19 and B.C.'s schools.,0,CBCVancouver
3809905835713609,2021-02-22 15:45:45,We're hosting two free virtual one-hour discussions about the COVID-19 vaccine and how it affects Indigenous and multicultural communities.CBC.CAJoin us for virtual Community Conversations and a Town Hall about COVID-19 vaccines | CBC News,4,CBCVancouver
3808100109227515,2021-02-21 20:50:47,Students or staff at five public schools in B.C. have tested positive for the faster-spreading COVID-19 variant first discovered in the United Kingdom health officials said Sunday.CBC.CAFurther testing finds COVID-19 variant from United Kingdom in more B.C. schools | CBC News,4,CBCVancouver
3807826112588248,2021-02-21 20:15:48,In an interview on Rosemary Barton Live Emily Musing from the University Health Network says the level of excitement and delight is palpable at its Toronto-area COVID-19 vaccination clinic.,3,CBCVancouver
3807800005924192,2021-02-21 19:15:00,When there was indication of one positive case in the child-care centre community that's an opportunity to rapidly deploy rapid testing to the whole child-care community said Andrew Longhurst whose 16-month-old son tested positive for COVID-19 after the the SFU Childcare Society notified parents of an exposure.CBC.CAFather in Burnaby calls for rapid testing for child-care centres after toddler gets COVID-19 | CBC News,4,CBCVancouver
3805865216117671,2021-02-20 23:02:23,The cases were at A.H.P. Matthew Elementary School Tamanawis Secondary School and Ecolé Woodward Hill Elementary School.CBC.CASurrey school board confirms 3 cases of COVID-19 variant at 3 schools | CBC News,3,CBCVancouver
3805587469478779,2021-02-20 20:15:27,According to ICBC just 6.1 per cent of provincial and federal fines handed out to COVID-19 rule breakers in B.C. have been paid.Premier John Horgan said serious offenders would face criminal charges — not just fines.CBC.CATiny fraction of people handed COVID-19-related fines in B.C. have paid up | CBC News,1,CBCVancouver
3805452222825637,2021-02-20 19:15:20,"Squares on the bingo card include activities like ""went for a walk"" ""got off social media"" ""cleaned something"" and ""got stuff done."" The centre square usually the free square in a game of bingo says ""Cried. Let it out.""CBC.CAB.C. government's 'self-care bingo card' reveals residents' pandemic frustrations | CBC News",2,CBCVancouver
3805228966181296,2021-02-20 18:15:48,With citrus in season now's the best time to learn how to make marmalade — and you don't have to stick to simple orangeCBC.CANeed a spread for that pandemic bread? Try making marmalade | CBC News,4,CBCVancouver
3803265216377671,2021-02-20 02:15:33,Three B.C. Interior universities have together received a provincial funding of $150000 for research projects on COVID-19 challenges peculiar to the region.CBC.CAInterior universities receive $150K from province to study COVID challenges unique to their regions | CBC News,4,CBCVancouver
3755504257896631,2021-02-20 01:55:11,Tonight on CBC Vancouver News at 11:A Coquitlam teen speaks out after being attacked with racial slurs in a video chat B.C. health officials urge people to follow restrictions as more positive COVID-19 variant cases are announced and why windows at an Abbotsford elementary school are being bolted shut.,4,CBCVancouver
3803671946336998,2021-02-20 01:24:45,Tonight on CBC Vancouver News at 11:A Coquitlam teen speaks out after being attacked with racial slurs in a video chat B.C. health officials urge people to follow restrictions as more positive COVID-19 variant cases are announced and why windows at an Abbotsford elementary school are being bolted shut.WATCH LIVE: CBC Vancouver News at 11 for Feb. 19 - Cyber-bullying COVID-19 variants Elementary school ventilation,4,CBCVancouver
3802918763078983,2021-02-20 00:15:29,Canada's chief public health officer warned that the relative scarcity of vaccines now means people have to be vigilant about fast-spreading variants.CBC.CATrudeau says vaccine 'big lift' is coming as Tam warns of threat posed by COVID variants | CBC News,0,CBCVancouver
3803373506366842,2021-02-19 23:15:00,Deputy provincial health officer Dr. Réka Gustafson says it's more important than ever to follow public health orders as new coronavirus variants appear to spread more easily. www.cbc.ca/1.5920711,4,CBCVancouver
288960982655513,2021-02-19 20:58:12,Tonight on CBC Vancouver News:B.C. health officials urge people to follow restrictions as more positive COVID variant cases are announced why windows at an Abbotsford elementary school are being bolted shut and a Coquitlam teen speaks out after being attacked with racial slurs.,4,CBCVancouver
3803237813047078,2021-02-19 20:39:06,Tonight on CBC Vancouver News:B.C. health officials urge people to follow restrictions as more positive COVID variant cases are announced why windows at an Abbotsford elementary school are being bolted shut and a Coquitlam teen speaks out after being attacked with racial slurs.WATCH LIVE: CBC Vancouver News at 6,4,CBCVancouver
3803003983070461,2021-02-19 18:23:16,B.C. has now administered 192942 COVID-19 shots including 36923 second doses.CBC.CAWith the vaccine rollout ramping up health officials update the situation with COVID-19 in B.C. | CBC News,0,CBCVancouver
223076106192033,2021-02-19 17:57:14,Deputy Provincial Health Officer Dr. Reka Gustafson and health minister Adrian Dix provide the latest numbers on COVID-19 in the province.,4,CBCVancouver
3802759116428281,2021-02-19 17:15:22,Only 34 per cent of B.C. residents claim they are following all of the rules all of the time.CBC.CABritish Columbians worst in Canada at following COVID-19 rules all the time new poll suggests | CBC News,1,CBCVancouver
3802838159753710,2021-02-19 17:15:13,The Canada Recovery Benefit and Employment Insurance are among the benefits getting an extension.CBC.CAFederal government extending Canadians' access to pandemic benefits | CBC News,0,CBCVancouver
3801848166519376,2021-02-19 13:15:37,We're looking at a number of initiatives to kick start welcoming back the world to British Columbia.CBC.CAOlympics? Commonwealth? Invictus? B.C. considering games bids to boost pandemic recovery | CBC News,0,CBCVancouver
3801829316521261,2021-02-19 11:15:33,British Columbians can expect to hear questions about the sudden spike in new cases.CBC.CAWhat you need to know about COVID-19 in B.C. for Feb. 19 | CBC News,3,CBCVancouver
3801811083189751,2021-02-19 10:15:04,"Dr. Stephen Malthouse and Jeri-Lyn Bone are both scheduled speakers at a demonstration on Saturday that promises ""COVID & Vaccine Truths Exposed by Real Medical Experts.""CBC.CAColleges stress public responsibilities as MD nurse set to speak at rally against COVID-19 measures | CBC News",0,CBCVancouver
3801806399856886,2021-02-19 09:15:05,Illness could become seasonal infection similar to common cold or flu.CBC.CAYes the pandemic will end — but COVID-19 isn't going away any time soon | CBC News,1,CBCVancouver
425862165385116,2021-02-19 02:01:52,Tonight on CBC Vancouver News at 11:Why issuing single doses of COVID-19 vaccines might be the best course of action right now B.C. sees a massive spike in anti-Asian hate crimes and Black and biracial women share tips for styling Afro-textured hair.,3,CBCVancouver
3801063963264463,2021-02-19 00:53:51,Tonight on CBC Vancouver News at 11:Why issuing single doses of COVID-19 vaccines might be the best course of action right now B.C. sees a massive spike in anti-Asian hate crimes and Black and biracial women share tips for styling Afro-textured hair.WATCH LIVE: CBC Vancouver News at 11 for Feb. 18 - Vaccine dosage Hate crimes Afro hair,2,CBCVancouver
721210435203363,2021-02-18 20:58:32,Tonight on CBC Vancouver News:Why there’s been a massive spike in anti-Asian hate crimes in B.C. how a single dose of the COVID-19 vaccine might be effective enough to keep us safe and Black and biracial women fight for equitable hair care in B.C.,3,CBCVancouver
3800648733305986,2021-02-18 20:36:06,Tonight on CBC Vancouver News:Why there’s been a massive spike in anti-Asian hate crimes in B.C. how a single dose of the COVID-19 vaccine might be effective enough to keep us safe and Black and biracial women fight for equitable hair care in B.C.WATCH LIVE: CBC Vancouver News at 6,3,CBCVancouver
3800478916656301,2021-02-18 18:47:08,BREAKING NEWS: B.C. health officials announced 617 new cases of COVID-19 and four more deaths on Thursday.CBC.CAB.C. records 617 new cases of COVID-19 and 4 more deaths | CBC News,4,CBCVancouver
3800092393361620,2021-02-18 16:15:00,As more and more companies move into the rapidly growing and potentially lucrative business of private COVID testing some health experts are raising concerns about what they say is a lack of regulation in what has become a rapidly growing part of the health-care industry.CBC.CAPrices for private COVID-19 tests can range from $160 to $1200 with little oversight of the industry | CBC News,4,CBCVancouver
3800014226702770,2021-02-18 15:16:45,Police warn the university could take non-academic disciplinary actions against students who violate COVID-19 rules aimed at preventing the spread of the coronavirus.CBC.CAStudents partying at UBC fined over $5K by COVID cops | CBC News,0,CBCVancouver
3799365740100952,2021-02-18 10:15:10,The COVID-19 pandemic has put a strain on all of us but with kindness compassion and care for those around us we will see it through.CBC.CAWhat you need to know about COVID-19 in B.C. for Feb. 18 | CBC News,0,CBCVancouver
3799359483434911,2021-02-18 09:15:05,Our goal is to get society back where it needs to be and bring people together again but safely and confidently with accurate quick tests.CBC.CAB.C. researchers working to develop breath test for COVID-19 | CBC News,4,CBCVancouver
3798393510198175,2021-02-18 08:15:33,Many of our fellow brothers and sisters who work at Brucejack have done nothing wrong. They have been following all health orders have worn their masks and have done everything that has been asked of them.CBC.CATahltan First Nation calls COVID-19 outbreak at B.C. gold mine a 'clear and present danger' to community | CBC News,3,CBCVancouver
3798090396895153,2021-02-18 01:15:49,Fraser Health recently added the Feb. 2 trivia night at the St. James's Well pub in Port Moody to the region's COVID-19 public exposures page.CBC.CA24 new cases of COVID-19 connected to pub trivia night say health officials | CBC News,3,CBCVancouver
175997880683752,2021-02-17 20:58:13,Tonight on CBC Vancouver News:A crackdown on violent pandemic shoplifting has resulted in the arrest of 130 people a key win for B.C. cancer survivors facing constant quarantines as they travel for treatment and a family is refused access to their brother's rental suite after his sudden death.,2,CBCVancouver
3798148793555980,2021-02-17 20:32:06,Tonight on CBC Vancouver News:A crackdown on violent pandemic shoplifting has resulted in the arrest of 130 people a key win for B.C. cancer survivors facing constant quarantines as they travel for treatment and a family is refused access to their brother's rental suite after his sudden death.WATCH LIVE: CBC Vancouver News at 6,3,CBCVancouver
3797964203574439,2021-02-17 18:31:56,BREAKING:CBC.CAB.C. records 427 new cases of COVID-19 and 3 more deaths | CBC News,4,CBCVancouver
3797385300298996,2021-02-17 13:15:28,I have no anti-skiing bias — it's an activity that makes a whole lot of sense in Canada — but there's a lot of people who take on risk to ensure a ski hill is operational.CBC.CASkiers may be safe from COVID-19 but not those working to keep slopes open experts say | CBC News,4,CBCVancouver
3797424003628459,2021-02-17 13:13:17,BREAKING: The chief justice of British Columbia's Supreme Court has denied an application from the province for an injunction against three Fraser Valley churches flouting COVID-19 rules that prohibit in-person services.CBC.CAJudge denies B.C.'s request for injunction against churches breaking COVID-19 rules | CBC News,0,CBCVancouver
3797074410330085,2021-02-17 12:15:35,"Chief Justice Christopher Hinkson told a hearing last week the provincial government is putting the court in an ""impossible position'' by asking for an injunction before the petition is heard.CBC.CAJudge to rule on B.C.'s request for injunction against churches breaking COVID-19 rules | CBC News",1,CBCVancouver
3795743917129801,2021-02-17 00:15:32,A new Coquitlam B.C.-based lab is processing thousands of COVID-19 tests to help to screen film production staff for the virus — in 12 hours or less — so they can keep rolling.CBC.CANew B.C. lab delivers thousands of rapid COVID tests to keep film industry rolling | CBC News,2,CBCVancouver
3795998413771018,2021-02-16 23:45:37,"The sound of singing coming from a commercial business at 2 a.m. Sunday led police to discover 21 people gathered at what they say was an ""unlicensed liquor establishment.""CBC.CATwo Richmond karaoke parties fined $17000 under COVID-19 rules say RCMP | CBC News",4,CBCVancouver
3045348232234714,2021-02-16 20:58:11,Tonight on CBC Vancouver News:Why some parts of the Lower Mainland are seeing an uptick in new COVID-19 cases the plan for all B.C. First Nations to have access to the vaccine by the end of next month and a look at the legacy of Emery Barnes.,4,CBCVancouver
3795760587128134,2021-02-16 20:32:13,Tonight on CBC Vancouver News:Why some parts of the Lower Mainland are seeing an uptick in new COVID-19 cases the plan for all B.C. First Nations to have access to the vaccine by the end of next month and a look at the legacy of Emery Barnes.WATCH LIVE: CBC Vancouver News at 6,4,CBCVancouver
3795540927150100,2021-02-16 18:26:18,BREAKING: B.C. health officials say 26 people died of COVID-19 in the last four days and 1533 more cases of the disease have been confirmed.CBC.CAB.C. health officials warn 'tide can turn quickly' as COVID-19 cases creep up in some regions | CBC News,4,CBCVancouver
170664554614050,2021-02-16 17:57:17,Provincial Health Officer Dr. Bonnie Henry and Health Minister Adrian Dix provide the latest COVID-19 numbers in the province.,4,CBCVancouver
3794743563896503,2021-02-16 14:15:10,Families are really struggling.CBC.CACOVID-19 pandemic will increase child poverty in B.C. advocates fear | CBC News,4,CBCVancouver
3794493093921550,2021-02-16 09:15:24,Health officials to provide first update in 4 days at 3 p.m.CBC.CAWhat you need to know about COVID-19 in B.C. for Feb. 16 | CBC News,4,CBCVancouver
4007824232614985,2021-02-15 20:58:12,Tonight on CBC Vancouver News:What COVID-19 vaccine delays mean for British Columbians waiting for their second dose grieving families call for change to wrongful death laws and a B.C. activist threatened over his support for farmers holding protests in India.,1,CBCVancouver
3793408110696715,2021-02-15 20:44:28,Tonight on CBC Vancouver News:What COVID-19 vaccine delays mean for British Columbians waiting for their second dose grieving families call for change to wrongful death laws and a B.C. activist threatened over his support for farmers holding protests in India.WATCH LIVE: CBC Vancouver News at 6,2,CBCVancouver
3792688427435350,2021-02-15 15:15:20,B.C. is slowly trending in the right direction but health officials urged everyone to keep long-weekend celebrations local and with household members only to stay on track.CBC.CAWhat you need to know about COVID-19 in B.C. for Feb. 15 | CBC News,2,CBCVancouver
3792158727488320,2021-02-15 10:15:35,Authorities don't recommend pills like Tylenol and Advil near time of vaccination.CBC.CAWhy taking painkillers before COVID-19 vaccine could blunt its effect | CBC News,0,CBCVancouver
3790141061023420,2021-02-14 12:15:14,COVID couples have overcome a strange set of circumstances to find love. Kelowna-based matchmaker Tara Holmes says the pandemic has forced unprecedented levels of communication onto relationships often long before the physical side can safely come into play.CBC.CAYou can still fall in love during a pandemic | CBC News,4,CBCVancouver
3789998061037720,2021-02-14 11:15:50,Vancouverite Basil Cohen says the timing of his illness — before it was officially detected in B.C. — made it hard to convince his doctor to issue a requisition form for an antibody test.CBC.CACOVID-19 'long-hauler' calls for greater availability of antibody tests in B.C. to determine spread of virus | CBC News,4,CBCVancouver
3788049614565898,2021-02-14 03:15:27,Much of Canada is lifting lockdown measures and reopening risky indoor settings while experts warn fast-spreading coronavirus variants threaten to jeopardize recent progress and trigger a brutal third wave.CBC.CACanada is 'playing chicken' with COVID-19 by reopening while variants are spreading widely | CBC News,1,CBCVancouver
3788115941225932,2021-02-14 01:15:09,Temporary foreign workers have to shoulder the cost of coronavirus tests when they come to Canada and may be given staff accommodation in close quarters with other workers says an advocacy group.CBC.CAMigrant workers face health risks financial burden amid COVID Okanagan advocacy group warns | CBC News,2,CBCVancouver
3788098811227645,2021-02-13 23:15:18,Here's how daily walks help this 97-year-old B.C. woman take the pandemic in stride. Read more: www.cbc.ca/1.5902187,4,CBCVancouver
3788638767840316,2021-02-13 22:45:03,"Despite public health orders and warnings from the mayor and Kelowna RCMP this week about 250 mostly maskless protesters gathered Saturday carrying signs that read ""Freedom is essential"" and ""My rights don't end where your fears begin.""CBC.CAKelowna 'mega rally' draws about 250 protesters against public health orders to combat COVID-19 | CBC News",4,CBCVancouver
3788075397896653,2021-02-13 20:15:28,"Lilly Whonnock was so beloved and so busy her daughter Linda had to pencil in a permanent day of the week to spend uninterrupted time with the go-getting elder. ""Sundays were our day together"" her daughter said. That's what I'm going to miss the most.""CBC.CA'She looked after a lot of people': Beloved 'Namgis elder Lilly Whonnock dies of COVID-19 | CBC News",4,CBCVancouver
3787833764587483,2021-02-13 14:31:35,Analysis: Mass vaccinations and warmer weather may not come quick enough to blunt the effects of coronavirus variants writes Justin McElroy.CBC.CAANALYSIS | B.C.'s new period of COVID uncertainty could be the last or could be the worst | CBC News,1,CBCVancouver
3787341721303354,2021-02-13 11:15:07,Enrolment from international students is half of what it was pre-pandemic but 12000 foreign students have still registered in B.C. since September.CBC.CAInternational students trickling back to B.C. under loosened restrictions on school districts | CBC News,2,CBCVancouver
3785841658120027,2021-02-12 23:15:02,Dr. Bonnie Henry still believes B.C.'s vaccination plan will be effective in the battle against COVID-19 even as the province records new cases of coronavirus variants. www.cbc.ca/1.5912793,4,CBCVancouver
733042650733564,2021-02-12 20:58:12,Tonight on CBC Vancouver News:B.C. braces for cold snowy weekend health officials confirm another new variant has been detected in B.C. and celebrating the Year of the Ox during a global pandemic.,1,CBCVancouver
3785780118126181,2021-02-12 20:34:20,Tonight on CBC Vancouver News:B.C. braces for cold snowy weekend health officials confirm another new variant has been detected in B.C. and celebrating the Year of the Ox during a global pandemic.WATCH LIVE: CBC Vancouver News at 6,2,CBCVancouver
3785581881479338,2021-02-12 18:32:28,B.C. has confirmed one case of a newly reported variant connected to travel to Nigeria Dr. Bonnie Henry said but it's still not clear whether this variant is more transmissible like the other variants of concern.CBC.CA10 more people have died of COVID-19 in B.C. and 445 more cases have been reported | CBC News,4,CBCVancouver
775650669717196,2021-02-12 17:55:17,Provincial Health Officer Dr. Bonnie Henry provides the latest numbers on COVID-19 in the province.,4,CBCVancouver
3785066241530902,2021-02-12 14:45:35,Two pandemic-flouting parties have resulted in fines of over $16000 to hosts and guests in Richmond according to RCMP.CBC.CA45 people fined with tickets totalling over $16K after 2 parties busted by Richmond RCMP | CBC News,0,CBCVancouver
3784539478250245,2021-02-12 13:15:25,We need to be better prepared right now.CBC.CAScientists are already making vaccines for the next pandemic whatever it may be | CBC News,4,CBCVancouver
3784530471584479,2021-02-12 12:15:30,With the warm weather and the pandemic pushing more people into the backcountry 2020 was a busy year for rescues.CBC.CAB.C. search and rescue teams on track for another record-setting winter | CBC News,4,CBCVancouver
3784389654931894,2021-02-12 09:15:55,As B.C. heads into a long weekend a travel advisory and bans on all gatherings and events are still in place.CBC.CAWhat you need to know about COVID-19 in B.C. for Feb. 12 | CBC News,2,CBCVancouver
3781822148521978,2021-02-11 09:15:25,By choosing small and safe for you and everyone around you we can slow the virus and keep our positive momentum going.CBC.CAWhat you need to know about COVID-19 in B.C. for Feb. 11 | CBC News,3,CBCVancouver
3777049802332546,2021-02-10 16:45:17,Lawyers for Dr. Bonnie Henry and B.C.'s attorney general will be in B.C. Supreme Court on Friday seeking orders against the leaders of Langley's Riverside Calvary Chapel Abbotsford's Immanuel Covenant Reformed Church and the Free Reformed Church of Chilliwack.CBC.CAB.C.'s provincial health officer seeks injunction against churches for defying COVID orders | CBC News,4,CBCVancouver
3776912079012985,2021-02-10 15:15:09,The Heiltsuk Nation says the agreement does not provide 'completely satisfactory' disclosure.CBC.CAFirst Nations agree to COVID-19 data-sharing agreement with B.C. but say the deal is flawed | CBC News,1,CBCVancouver
3778990452138481,2021-02-10 13:45:35,We don't want to see her shut down or lose her business just wear a mask like the rest of us.CBC.CADuncan business ignoring COVID rules endangers dental patients clinic says | CBC News,1,CBCVancouver
3779114372126089,2021-02-10 13:15:55,Elaborate virtual-reality surgical training tool has been adopted by 22 medical schoolsCBC.CACOVID-19 has idled many ORs but a Canadian invention is keeping surgeons' skills sharp | CBC News,4,CBCVancouver
3778919325478927,2021-02-10 11:15:51,This year the planning preparation and delivery has been altered by the pandemic but COVID-19 has also made the need greater as women and children are more likely to find themselves confined with abusive men.CBC.CAFaith groups prepare hundreds of Valentine's Day care packages for women in shelters | CBC News,4,CBCVancouver
3778906332146893,2021-02-10 10:15:50,"There are almost as many wooden boards covering windows as there are neon ""open"" signs. Vandalism and filth have become part of the landscape.CBC.CAClosing up shop: Vancouver's Chinatown battered by effects of crime COVID-19 and uncleanliness | CBC News",4,CBCVancouver
3778866332150893,2021-02-10 09:15:41,Fewer cases outbreaks or unchecked transmission is what we need to give us all a clear path forward. Let's support each other today this weekend and the next to help make that happen.CBC.CAWhat you need to know about COVID-19 in B.C. for Feb. 10 | CBC News,2,CBCVancouver
330617404959126,2021-02-10 01:55:11,WATCH LIVE: CBC Vancouver News at 11 for Feb. 9 - Cold Snap Border COVID Testing Church Injunctions,1,CBCVancouver
3777914392246087,2021-02-10 01:35:08,WATCH LIVE: CBC Vancouver News at 11 for Feb. 9 - Cold Snap Border COVID Testing Church InjunctionsCBC Vancouver News at 11 for Feb. 9,1,CBCVancouver
3777072865663573,2021-02-09 23:15:52,Lisa Jewell with the local women's resource society says some of her clients are choosing to brave the outdoors rather than risk contracting COVID-19 indoors.CBC.CANew tuques gloves critically needed as homeless battle deadly cold in Fort St. John outreach worker says | CBC News,3,CBCVancouver
3777571915613668,2021-02-09 23:15:00,Dr. Réka Gustafson answers COVID-19 questions concerning the growing presence of COVID-19 variants in B.C. and how mass vaccination clinics will work in March.,0,CBCVancouver
3777274062310120,2021-02-09 19:06:26,BREAKING NEWS: B.C. health officials announced 435 new cases of COVID-19 and four more deaths on Tuesday.CBC.CAB.C. records 435 new cases of COVID-19 and 4 more deaths | CBC News,4,CBCVancouver
3776420639062129,2021-02-09 15:15:17,The pandemic has created a new group of vulnerable children ... based on the medical vulnerability of their familiesCBC.CAVancouver parents with health concerns say end of Option 4 remote learning presents 'callous' choice | CBC News,1,CBCVancouver
3776696415701218,2021-02-09 13:45:21,The prime minister said border officers can't legally deny entry to Canadians but those who show up without proof of a negative COVID-19 test could face fines of up to $3000.CBC.CANegative COVID-19 test will soon be required at land border: Trudeau | CBC News,2,CBCVancouver
3776224192415107,2021-02-09 12:15:22,With shelter space limited during pandemic need for permanent housing is even greater.CBC.CAFor homeless people trying to stay safe in pandemic federal housing program is a lifeline say advocates | CBC News,4,CBCVancouver
3774958745874985,2021-02-08 23:15:00,Volunteers with the Buddhist Temple in Steveston folded 1000 paper cranes for healthcare workers to help lift their spirits as the pandemic pushes past the anniversary of the first COVID-19 case in B.C. www.cbc.ca/1.5904541,0,CBCVancouver
3774959042541622,2021-02-08 22:15:49,"The initial rhetoric around the novel coronavirus such as some labelling it the ""Wuhan virus"" or the ""China virus"" has also done ""tremendous"" damage to the Chinese-Canadian community said Amy Go president of the Chinese Canadian National Council for Social Justice.CBC.CAChinese-Canadians worry about racism job losses one year into pandemic | CBC News",3,CBCVancouver
3775077459196447,2021-02-08 22:15:00,B.C.'s provincial health officer says they are aiming to control the spread of more infectious coronavirus variants over the next few weeks as vaccinations ramp up. cbc.ca/1.5906085,3,CBCVancouver
2614421628848562,2021-02-08 20:58:11,Tonight on CBC Vancouver News:Dr. Bonnie Henry outlines what it will take for her to lift the current restrictions on daily life how B.C.’s South Asian community dramatically cut its COVID-19 case numbers and the RCMP faces backlash for telling people to stop spreading rumours about missing women.,2,CBCVancouver
3775015269202666,2021-02-08 20:34:10,Tonight on CBC Vancouver News:Dr. Bonnie Henry outlines what it will take for her to lift the current restrictions on daily life how B.C.’s South Asian community dramatically cut its COVID-19 case numbers and the RCMP faces backlash for telling people to stop spreading rumours about missing women.WATCH LIVE: CBC Vancouver News at 6,2,CBCVancouver
3774814549222738,2021-02-08 18:28:23,Dr. Bonnie Henry says vaccine doses are now on their way to B.C. again and the province is on track to begin mass immunization clinics in March. The first in line for the shot will be people over the age of 80.CBC.CAMass COVID-19 vaccinations to begin in B.C. in March health officials say | CBC News,4,CBCVancouver
415756212840046,2021-02-08 17:56:23,Provincial Health Officer Dr. Bonnie Henry and Health Minister Adrian Dix provide the latest COVID-19 case numbers in B.C.,4,CBCVancouver
3774339285936931,2021-02-08 15:15:38,Listen and hear from experts in online dating a love philosopher newlyweds separated by borders and a sexual health researcher this week.Tune in to CBC Radio One's On The Coast at 4:35 p.m. for Lovelines – a new special series that explores love relationships and intimacy during the pandemic and its physical distancing protocols.https://www.cbc.ca/news/canada/british-columbia/community/on-the-coast-explores-love-and-relationships-during-the-pandemic-1.5901368CBC.CAOn The Coast explores love and relationships during the pandemic | CBC News,4,CBCVancouver
3772823736088486,2021-02-08 01:15:19,Police in B.C. have noticed an uptick in intimate partner violence against women during the pandemic.CBC.CAAbbotsford police use Valentine's Day to highlight rise in domestic violence | CBC News,0,CBCVancouver
3772665532770973,2021-02-07 22:15:28,Canada's COVID-19 inoculation campaign will soon ramp up after the country was beset by vaccine delivery delays and reduced shipments Procurement Minister Anita Anand said on Rosemary Barton Live.,4,CBCVancouver
3770260959678097,2021-02-07 01:15:32,Respirologist Dr. Samir Gupta explains the latest COVID-19 mask recommendations and demonstrates simple hacks to make yours more effective.,4,CBCVancouver
3769663203071206,2021-02-06 17:15:47,Whitney Dove's rookie season in professional hockey didn't exactly unfold as planned.CBC.CADespite COVID shutdown Coquitlam's Whitney Dove says 1st season of pro hockey was 'awesome' | CBC News,4,CBCVancouver
3769275886443271,2021-02-06 14:15:16,This short amount of time until the next series of vaccines are rolled out in large numbers is the time to develop those prototype clinics — if you haven't done them — to make sure you've got a vaccination recording system in place and have all your communications sorted out.CBC.CACanada faces lull before COVID-19 vaccine shipments ramp up — and it's a race to prepare | CBC News,4,CBCVancouver
3766888116682048,2021-02-06 13:45:02,We haven't forgotten [about land rights] but I don't want to be burying any more of our people. I don't want to bury anyone from our village Wet'suwet'en hereditary Chief Na'moks said.CBC.CAA year after Wet'suwet'en blockades Coastal GasLink pipeline pushes on through pandemic | CBC News,4,CBCVancouver
3764781046892755,2021-02-06 12:15:00,In this episode Uytae Lee explores transportation networks - and how they’ll recover after the pandemic. Are we headed for more traffic congestion than ever before? Is public transit doomed? Should we pursue alternative methods such as cycling and walking? Uytae walks you through the important questions.,4,CBCVancouver
417015649556262,2021-02-06 01:55:11,Tonight on CBC Vancouver News at 11:Why B.C.’s restrictions on social gatherings and events are being extended the Dutch man charged in the Amanda Todd case has been extradited to Canada and how the COVID-19 vaccine rollout is preventing a North Vancouver mother from receiving cancer treatment.,3,CBCVancouver
3767660813271445,2021-02-06 01:15:27,Please understand that these measures are only in effect to protect us all and to prevent the spread of COVID-19 to our most vulnerable members in the community.CBC.CA2 B.C. First Nations under state of emergency due to COVID-19 | CBC News,3,CBCVancouver
3768117516559108,2021-02-06 01:13:28,Tonight on CBC Vancouver News at 11:Why B.C.’s restrictions on social gatherings and events are being extended the Dutch man charged in the Amanda Todd case has been extradited to Canada and how the COVID-19 vaccine rollout is preventing a North Vancouver mother from receiving cancer treatment.WATCH LIVE: CBC Vancouver News at 11 for Feb. 5 - Restrictions extended Amanda Todd update Liver transplant,3,CBCVancouver
254873106010159,2021-02-05 20:58:10,Tonight on CBC Vancouver News:Why B.C.’s restrictions on social gatherings and events are being extended the Dutch man charged in the Amanda Todd case has been extradited to Canada and how the COVID vaccine rollout is preventing a North Vancouver mom from getting cancer treatment that could save her life.,3,CBCVancouver
3767438736626986,2021-02-05 18:27:28,JUST IN: a total of 1246 people in B.C. have lost their lives due to COVID-19 since the pandemic began.CBC.CAB.C. records 471 new cases of COVID-19 and 6 more deaths | CBC News,4,CBCVancouver
3766995470004646,2021-02-05 14:18:15,BREAKING NEWS: Social: Current orders restricting daily life and socialization in B.C. are not going to be lifted Friday the province has announced.CBC.CAB.C. keeping pandemic restrictions in place Dr. Bonnie Henry announces | CBC News,3,CBCVancouver
2797001997224772,2021-02-05 13:26:49,LIVE: Dr. Bonnie Henry and B.C. Health Minister Adrian Dix present the latest COVID-19 modelling data on Feb. 5 2021.,4,CBCVancouver
3766576856713174,2021-02-05 12:15:05,Provincial Health Officer Dr. Bonnie Henry expected to address questions around restrictions at 10:30 a.m. PTCBC.CAB.C. officials to announce whether pandemic restrictions will continue | CBC News,0,CBCVancouver
3766311036739756,2021-02-05 11:15:08,Four homes in B.C. lost more than a third of their residents to COVID-19 outbreaks.CBC.CAHere are the B.C. seniors' residences hardest-hit by COVID-19 outbreaks | CBC News,4,CBCVancouver
3766290656741794,2021-02-05 10:15:16,One year later the hereditary chiefs still oppose the pipeline — but their priorities have shifted to caring for their elders during the pandemic.CBC.CAA year after Wet'suwet'en blockades Coastal GasLink pipeline pushes on through pandemic | CBC News,2,CBCVancouver
3766278513409675,2021-02-05 09:15:47,Health officials will present latest epidemiological modelling at 10:30 a.m. PT.CBC.CAWhat you need to know about COVID-19 in B.C. for Feb. 5 | CBC News,4,CBCVancouver
3764953670208826,2021-02-04 23:15:21,It was definitely some unsanctioned gathering around the mountain.CBC.CAAustralia Day celebrations could be responsible for COVID-19 uptick at Big White Ski Resort operator says | CBC News,3,CBCVancouver
3764552923582234,2021-02-04 15:15:30,The temporary measures for cruise ships were scheduled to end in a couple of weeks on Feb. 28.CBC.CACOVID-19 ban on cruise ship visits to Canada extended until 2022 | CBC News,0,CBCVancouver
3763821253655401,2021-02-04 10:15:52,"Health officials are promising to step up surveillance in problem locations in an attempt to ""close the gap"" on transmission of COVID-19.CBC.CAWhat you need to know about COVID-19 in B.C. for Feb. 4 | CBC News",4,CBCVancouver
3763819046988955,2021-02-04 09:15:43,...The question is what is it about the owner? What are the practices that we need to to change that are different in for-profit versus not-for-profit? Some of it will be related to the culture.CBC.CACOVID-19 outbreaks more common in for-profit senior residences in B.C. | CBC News,3,CBCVancouver
3762883843749142,2021-02-04 03:15:40,The poll of 4186 teachers found that 57.8 per cent do not feel safe during in-person instruction.CBC.CAUnion survey of B.C. teachers shows unease over COVID-19 safety in schools | CBC News,4,CBCVancouver
3762774810426712,2021-02-03 21:40:57,As Vancouver police stood outside a suspected makeshift nightclub in the penthouse of a downtown apartment building a delivery driver allegedly showed up with a McDonald's bag filled with 100 cheeseburgers.CBC.CA100 cheeseburgers mood lights and exotic dancers: Search warrant details alleged pandemic penthouse party | CBC News,4,CBCVancouver
170724681182738,2021-02-03 20:58:11,Tonight on CBC Vancouver News:Two arrested in home invasion that led to elderly woman’s death how dozens of female realtors are being harassed and parents call for stricter school protocols after 6-year-old son gets COVID-19.,0,CBCVancouver
3762642020439991,2021-02-03 20:32:30,Tonight on CBC Vancouver News:Two arrested in home invasion that led to elderly woman’s death how dozens of female realtors are being harassed and parents call for stricter school protocols after 6-year-old son gets COVID-19.,0,CBCVancouver
3762448880459305,2021-02-03 18:31:12,B.C. health officials confirmed that someone at Garibaldi Secondary School was infected with a more transmissible form of the coronavirus but they have since recovered. 81 students and eight staff members in that person's cohort tested negative.CBC.CAHealth officials confirm COVID-19 variant at B.C. high school but find no other positive cases | CBC News,4,CBCVancouver
