Post_ID,Post_Time,Post_Text,Post_Sentiment,Numbered_Sentiment,Post_From
10159311896789579,2021-03-01 07:53:18,Ontario's long-term care minister was aware of the dangers the novel coronavirus posed to the sector long before it was declared a global pandemic according to a newly released transcript.TORONTO.CTVNEWS.CALong-term care minister was 'ahead' of Ontario's top doctor on COVID-19 commission hears,4,ctvtoronto
10159311854229579,2021-03-01 07:34:46,In all Ontario used 32.2 terawatts of power in 2020 a decline of 2.9 per cent from 2019.TORONTO.CTVNEWS.CACOVID-19 zaps electricity usage in Ontario as people stay home,0,ctvtoronto
10159311836194579,2021-03-01 07:17:15,New public health measures meant to limit the spread of COVID-19 went into effect across nine Ontario regions today.TORONTO.CTVNEWS.CANew COVID-19 measures take effect in nine Ontario regions two move into lockdown,3,ctvtoronto
10159311830274579,2021-03-01 07:12:39,"Ontario's website for booking COVID-19 vaccination appointments will begin a ""soft launch"" in six public health units this week.TORONTO.CTVNEWS.CAVaccine portal to have 'soft launch' in six Ontario regions this week: source",3,ctvtoronto
10159309839634579,2021-02-28 11:04:37,The NBA says the game in Tampa Fla. will not be played because the Raptors will not have the minimum eight players available.TORONTO.CTVNEWS.CAToronto Raptors' game against Chicago postponed because of COVID-19,1,ctvtoronto
10159309755504579,2021-02-28 10:19:20,#BREAKING: Ontario is marking a grim milestone Sunday as health officials report that the province has logged more than 300000 cases of COVID-19 since the pandemic began in January.https://toronto.ctvnews.ca/more-than-300-000-covid-19-cases-logged-in-ontario-since-beginning-of-pandemic-1.5327666TORONTO.CTVNEWS.CAMore than 300000 COVID-19 cases logged in Ontario since beginning of pandemic,1,ctvtoronto
10159309638544579,2021-02-28 09:22:27,The city intends to start with shelters at the highest risk of COVID-19 outbreaks and will continue the rollout as more doses arrive in Toronto.TORONTO.CTVNEWS.CACity to begin administering COVID-19 vaccines to those in Toronto's shelter system,4,ctvtoronto
10159308785694579,2021-02-27 22:12:14,More than 1100 new cases of COVID-19 were reported in Ontario Saturday.TORONTO.CTVNEWS.CAOntario reports more than 1100 new COVID-19 cases 16 additional deaths,4,ctvtoronto
10159307436079579,2021-02-27 10:16:24,#BREAKING: More than 1100 new cases of COVID-19 were reported in Ontario Saturday.TORONTO.CTVNEWS.CAOntario reports more than 1100 new COVID-19 cases 16 additional deaths,4,ctvtoronto
10159306819074579,2021-02-27 02:12:12,The Ontario government's switch to a centralized procurement system stalled the replenishment of the province's stockpile of personal protective equipment in the years leading up to the COVID-19 pandemic an independent commission heard this week.TORONTO.CTVNEWS.CANew procurement system stalled restocking of PPE ahead of pandemic: health minister,0,ctvtoronto
10159306088724579,2021-02-26 17:40:13,The coaches will not be on the bench beginning with Friday night's game.TORONTO.CTVNEWS.CANurse five Raptors assistants sidelined to due COVID-19 health and safety protocols,1,ctvtoronto
10159305942079579,2021-02-26 16:38:16,"Ontario has used its ""emergency brake"" to place the Thunder Bay and Simcoe-Muskoka health units into lockdown.Here is an updated list of where each region is placed in Ontario's COVID-19 reopening framework:TORONTO.CTVNEWS.CAWhere your region is placed in Ontario's 2021 COVID-19 reopening framework",0,ctvtoronto
10159305513254579,2021-02-26 12:48:15,Premier Doug Ford called the AstraZeneca approval Friday “the best news we've heard in a real long time.”TORONTO.CTVNEWS.CAOntario hopeful AstraZeneca’s COVID-19 vaccine will speed up distribution timeline,4,ctvtoronto
10159305405789579,2021-02-26 12:01:28,Officials have issued a public notice on Friday after 53 COVID-19 cases were linked to a workplace outbreak in Vaughan.TORONTO.CTVNEWS.CA53 COVID-19 cases linked to workplace outbreak in Vaughan Ont.,0,ctvtoronto
10159305370949579,2021-02-26 11:39:20,Starting Monday York Region residents 80 years of age or older can book an appointment to receive their COVID-19 vaccine.TORONTO.CTVNEWS.CAYork Region residents 80 years of age and older can book COVID-19 vaccine appointment starting Monday,3,ctvtoronto
10159305321294579,2021-02-26 11:04:26,The Ontario government announced regulatory amendments Friday to make child care programs more accessible and flexible for parents working erratic and unpredictable hours during the coronavirus pandemic.TORONTO.CTVNEWS.CAOntario announces reforms to child care programs to improve accessibility,4,ctvtoronto
10159305240419579,2021-02-26 10:17:02,#BREAKING: Ontario is recording more than 1200 new COVID-19 infections marking the fourth straight day of case counts increasing.TORONTO.CTVNEWS.CAOntario records more than 1200 new COVID-19 cases marking fourth daily increase,4,ctvtoronto
10159305021819579,2021-02-26 08:32:15,#BREAKING: Health Canada has approved the COVID-19 vaccine from AstraZeneca the third to be given the green light for national use.CTVNEWS.CAHealth Canada approves AstraZeneca COVID-19 vaccine,3,ctvtoronto
10159305006649579,2021-02-26 08:23:43,Health Canada has approved the COVID-19 vaccine from AstraZeneca the third to be given the green light for national use.CTVNEWS.CAHealth Canada approves AstraZeneca COVID-19 vaccine,3,ctvtoronto
10159304942989579,2021-02-26 07:38:23,We send the vaccinations into the nursing homes and retirement homes. What would make somebody 85 living on their own that's housebound (different)? Why wouldn't we take it to them?CTVNEWS.CADoctors caregivers push for in-home COVID-19 vaccinations for housebound seniors,4,ctvtoronto
10159304939654579,2021-02-26 07:37:01,The pandemic diplomacy at work between the United States and Canada is continuing this time with the secretary of state.CTVNEWS.CAU.S. pandemic diplomacy continues with Blinken's Zoom meeting with Trudeau Garneau,0,ctvtoronto
10159304933019579,2021-02-26 07:31:06,Ontario's universities are facing a shortfall of about half a billion dollars this year as a result of the COVID-19 pandemic an advocacy group for the sector said Friday in seeking government relief.TORONTO.CTVNEWS.CAOntario universities seek government support in face of $500M shortfall due to COVID group says,1,ctvtoronto
10159304307254579,2021-02-25 23:12:14,Ontario's explanation that ongoing tests are delaying the launch of its vaccine-booking web portal doesn't carry water for experts who said Thursday that the province should have begun those trials months ago.TORONTO.CTVNEWS.CAOntario could have moved faster on COVID-19 vaccine booking site experts say,0,ctvtoronto
10159303387624579,2021-02-25 15:08:13,#BREAKING: New modelling suggests that COVID-19 variants will make up about 40 per cent of all cases by the second week of March.TORONTO.CTVNEWS.CACOVID-19 variants likely to make up 40 per cent of Ontario cases by mid-March hospitalizations expected to climb,3,ctvtoronto
10159303017824579,2021-02-25 12:50:58,Ontario’s commission into long-term care tore into the province’s top public health official during a hearing this week.TORONTO.CTVNEWS.CALong-term care commission grills Ontario’s chief medical officer over failures during COVID-19 first wave,4,ctvtoronto
10159302738444579,2021-02-25 10:48:12,Two weeks ago projections indicated more contagious variants of COVID-19 are spreading in the province.TORONTO.CTVNEWS.CAOntario will release new COVID-19 projections this afternoon,4,ctvtoronto
10159302655749579,2021-02-25 10:18:02,#BREAKING: Ontario is recording more than 1100 new COVID-19 cases and 23 more deaths.TORONTO.CTVNEWS.CAOntario records more than 1100 new COVID-19 cases 23 deaths,4,ctvtoronto
10159302638924579,2021-02-25 10:08:58,The dates for when members of the general population can be vaccinated against COVID-19 in Ontario will be significantly accelerated if additional vaccine candidates are approved in Canada a member of the province's vaccine distribution task force said.TORONTO.CTVNEWS.CAOntario's COVID-19 vaccination timeline a 'worst-case scenario' member of vaccine task force says,4,ctvtoronto
10159302368884579,2021-02-25 07:27:31,As a full-time pharmacy technician in a busy Toronto hospital Tim MacFarlane has been on the front lines in the fight against COVID-19. But since February of last year he’s also been living in his minivan.CTVNEWS.CAA front-line worker became homeless just before the pandemic hit. He's still living in his van,3,ctvtoronto
10159301740579579,2021-02-24 22:38:53,Migrant and undocumented workers must have access to the COVID-19 vaccine as part of Canada's immunization effort advocates said Wednesday calling on all levels of government to ensure the workers are guaranteed the shots.TORONTO.CTVNEWS.CAAdvocates call for COVID-19 vaccination plan for migrant and undocumented workers,0,ctvtoronto
10159301652829579,2021-02-24 22:01:43,Eight schools in Toronto have at least one COVID-19 case that has been screened positive for a variant of concern officials reported Wednesday.TORONTO.CTVNEWS.CAEight Toronto schools confirmed to have at least one COVID-19 case linked to variant of concern,3,ctvtoronto
10159301578694579,2021-02-24 21:12:10,Mississauga Mayor Bonnie Crombie is pushing for her city to be placed in the red zone of the province's colour-coded framework for COVID-19 restrictions once the stay-at-home order is lifted.TORONTO.CTVNEWS.CAMississauga mayor wants city to enter red zone when stay-at-home order lifted,3,ctvtoronto
10159301038989579,2021-02-24 16:44:16,Nearly a quarter of teachers at the elementary school were ordered to self-isolate following a positive COVID-19 case at the facility.TORONTO.CTVNEWS.CAVaughan school moves to remote-only learning despite only having one confirmed COVID-19 case,4,ctvtoronto
10159300864184579,2021-02-24 15:10:49,The City of Toronto has cancelled all city-led and city-permitted outdoor events up to and including Canada Day.TORONTO.CTVNEWS.CAToronto cancels events through Canada Day amid concerns COVID-19 may be on the rise,0,ctvtoronto
10159300846399579,2021-02-24 14:58:54,A quarantine screening officer who allegedly demanded cash from a woman before sexually assaulting her at her home faces related charges police said.TORONTO.CTVNEWS.CAOntario COVID-19 quarantine screening officer charged with extortion sexual assault,4,ctvtoronto
10159300206629579,2021-02-24 11:04:22,Ontario’s online platform that will enable people in the general population to book their COVID-19 vaccine appointment will be launched on March 15 and will start by allowing people over the age of 80 in the community to register.TORONTO.CTVNEWS.CAOntario's online portal to book COVID-19 vaccine launches on March 15 people 80 and over first in line,4,ctvtoronto
10159300149854579,2021-02-24 10:41:18,At least 112 new cases of COVID-19 were reported in schools across Ontario Wednesday. Health officials say 89 of those infections were found in students and 18 were found in staff members.TORONTO.CTVNEWS.CACOVID-19 cases in Ontario schools and child-care centres as of Feb. 24,2,ctvtoronto
10159300108324579,2021-02-24 10:18:02,#BREAKING: New COVID-19 cases in Ontario have jumped back up past the 1000 mark Wednesday following a slight dip reported a day earlier.TORONTO.CTVNEWS.CAOntario reports more than 1000 new COVID-19 cases nine additional deaths,3,ctvtoronto
10159300082414579,2021-02-24 09:56:03,Organizers of the Royal Agricultural Winter Fair say they are planning to move forward with an in-person event this November after moving the festivities online due to the COVID-19 pandemic last year.TORONTO.CTVNEWS.CARoyal Agricultural Winter Fair plans for in-person event this year,4,ctvtoronto
10159300006099579,2021-02-24 09:23:10,The chair of Ontario’s COVID-19 vaccine task force is expected to provide an update on province’s vaccination program rollout today.TORONTO.CTVNEWS.CAOntario's COVID-19 vaccine task force to make provide update on rollout plans,0,ctvtoronto
10159299862969579,2021-02-24 07:47:42,For nearly a year the residents of Chester Village long-term care in Toronto have lived a life of restrictions put in place to keep them safe from COVID-19. But now that all have received both of their vaccine shots life is starting to open up again.CTVNEWS.CAIn this long-term care home almost everyone is vaccinated — and life is opening up,4,ctvtoronto
10159299840124579,2021-02-24 07:27:32,Children are less happy and anxious about the future and the impact of COVID-19 on their learning while teachers are largely dissatisfied with pandemic safety measures in schools a new survey of kids parents and staff at the Toronto District School Board found.TORONTO.CTVNEWS.CAStudents report more anxiety teachers say COVID-19 safety protocols lacking at TDSB survey finds,4,ctvtoronto
10159299512584579,2021-02-24 02:12:16,As more people test positive for variants of concern in the city's shelter system Mayor John Tory says the city is doing its best to create more affordable housing options for those experiencing homelessness.TORONTO.CTVNEWS.CATory says city working on better housing options as 13 more test positive for COVID-19 variants in shelter system,4,ctvtoronto
10159298383869579,2021-02-23 16:49:53,"In-person training at the Toronto Police College has been out on hold “out of an abundance of caution.""TORONTO.CTVNEWS.CATwo active COVID-19 outbreaks at Toronto police facilities",1,ctvtoronto
10159298305909579,2021-02-23 16:02:06,Peel Region's top doctor says the province should consider looking at how support policies could be part of Ontario's tiered restrictions system.TORONTO.CTVNEWS.CAPeel top doctor suggests building relief policies into Ontario pandemic framework,4,ctvtoronto
10159297616769579,2021-02-23 10:48:51,#BREAKING: Ontario is reporting fewer than 1000 new COVID-19 cases for the first time in almost a week.TORONTO.CTVNEWS.CAFewer than 1000 new COVID-19 cases reported in Ontario,4,ctvtoronto
10159297202139579,2021-02-23 07:32:48,A new survey suggests the pandemic has placed significant pressure on principals at Ontario's schools with those at virtual schools feeling the most stressed.TORONTO.CTVNEWS.CAMore than half of Ontario school principals report their levels of stress are not manageable survey says,4,ctvtoronto
10159296031439579,2021-02-22 17:06:00,There have now been 29 people who have tested positive for a variant of concern at a city-funded shelter run in Toronto.TORONTO.CTVNEWS.CA29 people test positive for COVID-19 variant at downtown Toronto shelter,4,ctvtoronto
10159295715504579,2021-02-22 14:32:05,Ontario labour inspectors are homing in on warehouses and distribution centres but the site of a major workplace COVID-19 outbreak isn't included in the ongoing inspections: Canada Post.TORONTO.CTVNEWS.CACanada Post worksite hit by major virus outbreak excluded from provincial inspections,3,ctvtoronto
10159295694509579,2021-02-22 14:21:30,Ontario’s COVID-19 vaccination plan is being splintered off into 34 different sets of delivery models.TORONTO.CTVNEWS.CAOntario government to have 34 different COVID-19 vaccination plans,0,ctvtoronto
10159295346619579,2021-02-22 11:45:32,Ontario’s second round of asymptomatic testing in schools has found a low number of COVID-19 cases in classrooms across the province.TORONTO.CTVNEWS.CAOntario’s asymptomatic testing program in schools finds 32 COVID-19 cases in 3706 tests,2,ctvtoronto
10159295167714579,2021-02-22 10:17:30,#BREAKING: For the fifth day in a row Ontario health officials are reporting more than 1000 new cases of COVID-19.TORONTO.CTVNEWS.CANew COVID-19 cases in Ontario remain above 1000 for fifth consecutive day,4,ctvtoronto
10159295028224579,2021-02-22 08:56:57,Thousands of people working from home have left big cities for smaller and more affordable towns amid the COVID-19 pandemic but some experts say they may have made that decision too soon as back-to-office plans still loom.TORONTO.CTVNEWS.CAWill employers bring workers back to the office post-pandemic? Experts share their opinions,0,ctvtoronto
10159294950779579,2021-02-22 07:56:14,Canada is poised to receive a record number of COVID-19 vaccine doses this week thanks to scheduled deliveries from Pfizer-BioNTech and Moderna as the country looks to speed up its vaccination efforts.CTVNEWS.CACanada to receive record 640K vaccine doses this week with Pfizer Moderna deliveries,4,ctvtoronto
10159294937604579,2021-02-22 07:41:39,One of Ontario's long-standing COVID-19 hot spots returns to the province's colour-coded system of pandemic restrictions today while a stay-at-home order remains in effect for three others.TORONTO.CTVNEWS.CAYork Region enters red zone of Ontario's COVID-19 framework today,4,ctvtoronto
10159294924219579,2021-02-22 07:27:45,A mandatory three-day hotel quarantine for most travellers landing at Canadian airports comes into effect today along with a suite of measures meant to prevent contagious COVID-19 variants from entering the country.CTVNEWS.CAStricter public health measures now in effect at Canadian borders airports,4,ctvtoronto
10159293304989579,2021-02-21 14:01:08,There are nearly 400 cases of the B.1.1.7 variant now confirmed in the province.TORONTO.CTVNEWS.CAU.K. COVID-19 variant on way to dominate cases in Toronto-area by end of February study finds,4,ctvtoronto
10159292819199579,2021-02-21 10:19:31,#BREAKING: Ontario is reporting more than 1000 new COVID-19 cases for the fourth straight day.TORONTO.CTVNEWS.CAOntario reports more than 1000 new COVID-19 cases for fourth straight day,4,ctvtoronto
10159290398064579,2021-02-20 10:19:52,#BREAKING: Ontario is reporting an increase in the number of new COVID-19 cases for the third straight day but the province's test positivity rate still remains low.TORONTO.CTVNEWS.CAOntario reports more than 1200 new COVID-19 cases 28 additional deaths,4,ctvtoronto
10159289391064579,2021-02-19 21:44:27,The commission was launched in July to probe the province's handling of the COVID-19 crisis at long-term care facilities.TORONTO.CTVNEWS.CALong-term care commission to interview Ontario's top doctor health and long-term care ministers next week,4,ctvtoronto
10159289008294579,2021-02-19 18:37:18,Etobicoke is mourning the loss of its most famous baker Natale Bozzo.TORONTO.CTVNEWS.CA'Put a pinch of love in everything you do': Founder of popular Toronto bakery dies of COVID-19 family says,4,ctvtoronto
10159288705529579,2021-02-19 16:08:33,Some teachers say they are left horrified after walking into their reopened classrooms this week to find the Ontario government had not brought in any of its promised COVID-19 safety measures.TORONTO.CTVNEWS.CA'Nothing changed': Teachers and parents left frustrated by lack of promised safety measures at Toronto schools,1,ctvtoronto
10159288442804579,2021-02-19 14:06:06,Seniors may be notified by doctors advertisements on when they could get the COVID-19 vaccine officials say.TORONTO.CTVNEWS.CASeniors may be notified by doctors advertisements on when they could get the COVID-19 vaccine,0,ctvtoronto
10159288425394579,2021-02-19 13:55:04,The stay-at-home order will remain in place for Toronto Peel Region and North Bay Parry Sound District until at least Mar. 8.TORONTO.CTVNEWS.CAWhere your region is placed in Ontario's 2021 COVID-19 reopening framework,3,ctvtoronto
10159288420449579,2021-02-19 13:52:07,York Region is the only COVID-19 hot spot lifting the stay-at-home order on Feb. 22.TORONTO.CTVNEWS.CAStay-at-home order extended in Toronto Peel and North Bay until March 8 restrictions to ease in York,4,ctvtoronto
10159288266029579,2021-02-19 12:28:59,The federal government has announced it will extend some COVID-19 benefits as the pandemic continues to grip the nation and impact livelihoods.CTVNEWS.CAFeds pledge to extend some COVID-19 benefits,0,ctvtoronto
10159287998339579,2021-02-19 10:18:43,#BREAKING: Ontario health officials are reporting more than 1000 new cases of COVID-19 for the second straight day as the province continues to grapple with an increase in deaths related to the disease.TORONTO.CTVNEWS.CAOntario reports more than 1000 new cases of COVID-19 as it grapples with increase in deaths,4,ctvtoronto
10159287958909579,2021-02-19 09:53:50,#BREAKING: With COVID-19 variants of concern continuing to spread across Canada new national modelling shows that even the current level of public health measures will not be enough to prevent a resurgence of the virus nationwide.CTVNEWS.CAWith variants current health measures not enough to stop pandemic resurgence: modelling,3,ctvtoronto
10159287723449579,2021-02-19 07:30:36,The Ontario government is expected to announce today if the last four COVID-19 hot spots will begin to reopen or if the lockdown measures will be extended.TORONTO.CTVNEWS.CAOntario to announce decision on whether COVID-19 lockdown measures will be extended in hot spots,0,ctvtoronto
10159287028229579,2021-02-18 21:12:43,Voluntary asymptomatic saliva testing is underway at Toronto's schools with 40 offering testing this week with another 40 slated to hand out saliva tests to staff and students next week.TORONTO.CTVNEWS.CAVoluntary asymptomatic COVID-19 screening commences at Toronto schools,0,ctvtoronto
10159286849689579,2021-02-18 19:20:03,"Toronto city council has voted in favour of a 2021 budget that Mayor John Tory has called ""the most difficult"" in the city's history due to the ongoing financial impacts from COVID-19.TORONTO.CTVNEWS.CACouncil approves 'most difficult' budget in Toronto's history due to COVID-19 impacts",2,ctvtoronto
10159286659564579,2021-02-18 17:57:23,“He said the secret of baking was to put a pinch of love into everything and we’ll be missing that pinch in ways we can’t describe.”TORONTO.CTVNEWS.CAFounder of popular Toronto bakery dies of COVID-19 family says,4,ctvtoronto
10159286157599579,2021-02-18 14:36:20,The final decision is expected to come tomorrow afternoon.TORONTO.CTVNEWS.CAOntario to announce whether it will extend strict lockdown in COVID-19 hot spots tomorrow,3,ctvtoronto
10159285798019579,2021-02-18 12:20:52,More than 355000 Ontario jobs were lost last year because of the COVID-19 pandemic the province's fiscal watchdog said.TORONTO.CTVNEWS.CAOntario loses 355000 jobs in 2020 single largest decline on record: FAO,3,ctvtoronto
10159285779709579,2021-02-18 12:15:44,The Ontario government is investing $2.5 million in wearable contact tracing technology that will alert users if they may have been exposed to the COVID-19 in the workplace and will beep or vibrate if they are within six feet of another person.TORONTO.CTVNEWS.CAOntario investing $2.5M in wearable tracing tech that will beep or vibrate if people aren’t six feet apart,0,ctvtoronto
10159285465059579,2021-02-18 10:20:20,#BREAKING: Ontario health officials are reporting just over 1000 new cases of COVID-19 as the positivity rate in the province continues to dip amid increased testing.TORONTO.CTVNEWS.CAOntario reports just over 1000 new COVID-19 cases and 44 more deaths,4,ctvtoronto
10159284456989579,2021-02-17 23:12:09,As the enforcement of evictions resumes across much of Ontario this week the NDP are tabling a bill that would prohibit residential evictions until after the pandemic ends.TORONTO.CTVNEWS.CAAs residential evictions resume in Ontario NDP calls for ban during pandemic,4,ctvtoronto
10159284175749579,2021-02-17 20:48:37,The most common violations found were inadequate screening for COVID-19 or none at all no masking and physical distancing and a lack of safety plans put in place the Ministry of Labour said.TORONTO.CTVNEWS.CA64.4 per cent compliance rate found during inspection blitz at distribution centres in Peel Region,3,ctvtoronto
10159283979829579,2021-02-17 19:37:12,"An anti-poverty group held protests in 9 Canadian cities today raising awareness of what it calls ""predatory lending.”TORONTO.CTVNEWS.CAUse of payday loans surges amid COVID-19 pandemic new survey finds",4,ctvtoronto
10159282890269579,2021-02-17 10:20:56,#BREAKING: Ontario has logged fewer than 900 new cases of COVID-19 the lowest daily infection count since October of last year.TORONTO.CTVNEWS.CAOntario logs fewer than 900 new COVID-19 cases lowest single-day tally since last October,3,ctvtoronto
10159281850494579,2021-02-16 21:12:14,Ontario's health minister says the province is not ready to release a more detailed COVID-19 vaccine rollout plan because of continued supply shortages.TORONTO.CTVNEWS.CAHealth minister says Ontario not ready to release more detailed vaccine plan,4,ctvtoronto
10159281687689579,2021-02-16 20:06:02,As most Ontarians wait for details on where and when they will be able to receive a COVID-19 vaccine so too do the people who will be tasked with administering it.TORONTO.CTVNEWS.CA'Healthcare system is really ready to step up': Ontario's doctors nurses and pharmacists await details on vaccination plans,4,ctvtoronto
10159280882404579,2021-02-16 13:33:13,Ontario's Long-Term Care COVID-19 Commission says anything sent by the public after today may not be considered for its final report.TORONTO.CTVNEWS.CADeadline today for written public submissions to Ontario's long-term care commission,0,ctvtoronto
10159280638389579,2021-02-16 11:17:51,Ontario health officials say the province is reporting fewer than 1000 new cases of COVID-19 on both Monday and Tuesday.TORONTO.CTVNEWS.CAOntario reports fewer than 1000 new cases of COVID-19 on both Monday and Tuesday,4,ctvtoronto
10159280331759579,2021-02-16 08:51:24,Winter weather disrupted the reopening of schools in three Ontario COVID-19 hot spots where in-person classes were set to resume Tuesday.TORONTO.CTVNEWS.CASnow interferes with return to in-person classes in Toronto-area COVID-19 hot spots,4,ctvtoronto
10159279071709579,2021-02-15 22:12:08,New travel restrictions took effect Monday at land border crossings for non-essential travellers crossing from the United States into Canada.TORONTO.CTVNEWS.CAHere's what 2 Canadian-U.S. borders looked like as new COVID-19 restrictions came into effect,4,ctvtoronto
10159278922279579,2021-02-15 21:12:12,Ontario is developing a web portal for booking COVID-19 vaccine appointments when mass immunization is underway but experts said Monday that more details of the province's plan are needed to ensure vulnerable residents don't fall through the cracks.TORONTO.CTVNEWS.CAWeb portal service desk in the works for Ontario COVID-19 vaccine appointments,0,ctvtoronto
10159277894104579,2021-02-15 13:34:56,“Until we make it actually possible for every worker in Ontario to stay home if they are sick we won’t be able to stop the spread of COVID-19.”TORONTO.CTVNEWS.CAPoliticians to push for paid sick leave when Ontario legislature resumes,1,ctvtoronto
10159277566534579,2021-02-15 11:39:08,All residents and staff at Toronto long-term care homes will receive their second dose of a COVID-19 vaccine by Tuesday.TORONTO.CTVNEWS.CAAll Toronto long-term care residents and staff to be fully vaccinated by Tuesday,0,ctvtoronto
10159277460599579,2021-02-15 10:53:49,Testing will be conducted floor by floor between 11 a.m. and 4 p.m.TORONTO.CTVNEWS.CAResidents at Mississauga condo with 5 cases of B.351 COVID-19 variant being tested 'out of abundance of caution',0,ctvtoronto
10159277378554579,2021-02-15 10:20:02,The mass vaccination clinic will reopen today but only to administer second doses to the 378 health-care workers who received their first shots at the facility.TORONTO.CTVNEWS.CACOVID-19 vaccine clinic at Metro Toronto Convention Centre reopens to reopens to administer second doses,3,ctvtoronto
10159277349249579,2021-02-15 10:04:43,I think the likelihood of entering the grey zone is fairly high because that's what the province wants to do is get everybody back into this framework.TORONTO.CTVNEWS.CAToronto will likely enter grey zone of COVID-19 reopening framework next week mayor says,3,ctvtoronto
10159276726284579,2021-02-15 02:12:11,All residents of a condominium in central Mississauga will be tested for COVID-19 on Monday after five cases of the coronavirus variant that originated in South Africa have been confirmed at that location.TORONTO.CTVNEWS.CAAll residents of Mississauga condo to be tested after confirmed cases of B.1.351 variant,4,ctvtoronto
10159276282254579,2021-02-14 21:12:13,Ahead of the anticipated arrival of more COVID-19 vaccine doses in the coming weeks the province has now confirmed who will be prioritized next for its vaccination program.TORONTO.CTVNEWS.CAOntario officials provide update on who will be next in line to receive COVID-19 vaccine,4,ctvtoronto
10159274756744579,2021-02-14 10:23:53,#BREAKING: Ontario is reporting less than 1000 new COVID-19 infections on Sunday a notable drop from a day ago.TORONTO.CTVNEWS.CAOntario reports fewer than 1000 new COVID-19 infections 42 more deaths,4,ctvtoronto
10159272292624579,2021-02-13 13:40:17,Toronto is reporting the first COVID-19 case that has screened positive for a variant of concern at a local shelter.TORONTO.CTVNEWS.CAFirst COVID-19 variant of concern identified at Toronto shelter,4,ctvtoronto
10159272128874579,2021-02-13 12:36:34,Police say they are investigating reports that door handles were removed off the suites of residents who tested positive for COVID-19 at a retirement home in Courtice Ont.TORONTO.CTVNEWS.CAPolice investigate after door handles removed off suites of residents battling COVID-19 at Ontario retirement home,4,ctvtoronto
10159271814559579,2021-02-13 10:18:57,#BREAKING: Ontario health officials are reporting more than 1000 new cases of COVID-19 and 19 more deaths related to the disease.TORONTO.CTVNEWS.CAOntario records more than 1000 new COVID-19 cases 19 more deaths,4,ctvtoronto
10159271704519579,2021-02-13 09:38:39,From the months before the suspension of NBA season due to COVID-19 to the present W5 follows Toronto Raptors coach Nick Nurse with visits to his hometown in Iowa and last year’s All-Star Game.CTVNEWS.CAW5 profiles 'The Coach' Nick Nurse: COVID interrupted,2,ctvtoronto
10159271685669579,2021-02-13 09:30:24,Infectious disease experts and COVID-19 modelers are sounding alarm bells of an approaching third wave expected to be driven by more contagious variants of the virus.CTVNEWS.CA'This isn't a wave it's a forest fire': experts predict rise of COVID-19 variant cases,0,ctvtoronto
10159270856529579,2021-02-13 00:12:07,Seventeen more residents and staff have tested positive for COVID-19 at the city's largest homeless shelter.TORONTO.CTVNEWS.CAMore COVID-19 cases confirmed at Toronto shelter with outbreak,4,ctvtoronto
10159270697529579,2021-02-12 22:19:29,Bureaucratic turf concerns prevented a highly trained team of infection prevention and control experts from helping Ontario long-term care homes in the early days of the COVID-19 pandemic an independent commission has heard.TORONTO.CTVNEWS.CAOntario's infection prevention team sidelined due to politics commission hears,3,ctvtoronto
10159270602314579,2021-02-12 21:12:15,Pet scams have been rampant due to COVID-19 as many people try to find a companion to keep them company as they stay home and self isolate.TORONTO.CTVNEWS.CAOntario woman scammed out of $2200 after trying to buy kitten online,4,ctvtoronto
10159269760574579,2021-02-12 14:42:54,Where is your region placed in Ontario’s 2021 COVID-19 reopening framework?Here is the full list 👇TORONTO.CTVNEWS.CAWhere is your region placed in Ontario’s 2021 COVID-19 reopening framework,4,ctvtoronto
10159269714654579,2021-02-12 14:16:39,Ontario has allocated essential businesses access to six times as many rapid COVID-19 tests than they plan to set aside for the province’s school system.TORONTO.CTVNEWS.CAOntario giving essential industries six times as many COVID-19 rapid tests than school system,4,ctvtoronto
10159269248124579,2021-02-12 10:18:11,#BREAKING: Ontario is reporting nearly 1100 new COVID-19 cases and 18 more deaths linked to the disease.TORONTO.CTVNEWS.CAOntario logs nearly 1100 new COVID-19 cases 18 deaths as test positivity rate drops,4,ctvtoronto
10159268872524579,2021-02-12 07:20:48,Ontario's top doctor says the government will announce today which categories of its COVID-19 restrictions system some regions will fall into when they begin to reopen next week.TORONTO.CTVNEWS.CAOntario to provide gradual reopening update today,4,ctvtoronto
10159267538029579,2021-02-11 17:15:22,Super-contagious strains of COVID-19 could lead to another uptick in case numbers by the end of the month despite the recent significant drop in infections new modelling data released by the Ontario government shows.TORONTO.CTVNEWS.CACOVID-19 cases will begin increasing in Ontario by end of February as variant becomes dominant strain: modelling,4,ctvtoronto
10159267252509579,2021-02-11 15:24:14,Super-contagious strains of COVID-19 could lead to another uptick in case numbers by the end of the month despite the recent significant drop in infections new modelling data released by the Ontario government says.TORONTO.CTVNEWS.CARestrictions vaccines needed to avoid further spread of super-contagious COVID-19 variant in Ontario modelling says,4,ctvtoronto
10159267189184579,2021-02-11 14:51:17,#BREAKING: Premier Doug Ford had also published a tweet congratulating his COVID-19 vaccine task force on the achievement which has now been deleted.TORONTO.CTVNEWS.CAOntario admits it didn't actually meet deadline for first doses of COVID-19 vaccinations in long-term care homes,4,ctvtoronto
10159266884139579,2021-02-11 12:23:27,"Toronto Mayor John Tory is proposing that an additional $8 million be spent on community programs ""in the areas of the city hit hardest by COVID-19"" as part of the city's 2021 budget.TORONTO.CTVNEWS.CAToronto mayor pushes to spend $8M on community programs in neighbourhoods hit hard by COVID-19",1,ctvtoronto
10159266837209579,2021-02-11 11:51:43,"“I think Doug Ford needs to make it clear what the expectations are.""TORONTO.CTVNEWS.CAAmid reports of queue jumping NDP says Ontario should have clear rules for leftover COVID-19 vaccines",4,ctvtoronto
10159266821084579,2021-02-11 11:43:52,Ontario's fiscal watchdog says the province is on track for years of post-pandemic deficits barring a change in government policy.TORONTO.CTVNEWS.CAOntario set for years of post-pandemic deficits without new policy: FAO,4,ctvtoronto
10159266714169579,2021-02-11 11:02:29,Ontario health officials say they will updating COVID-19 modelling Thursday afternoon amid concerns of variants of the disease spreading across the province.TORONTO.CTVNEWS.CANew Ontario COVID-19 modelling data expected this afternoon,0,ctvtoronto
10159266630484579,2021-02-11 10:19:23,Ontario health officials logged 945 new COVID-19 cases and 18 more deaths on Thursday but say the numbers are “underestimated” due to further data migration.TORONTO.CTVNEWS.CAOntario reports fewer than 1000 new COVID-19 cases cites data issue,4,ctvtoronto
10159266534209579,2021-02-11 09:22:07,A body representing the province’s 34 local medical officers of health is asking the Ford government to permanently legislate paid sick leave due to the COVID-19 pandemic.TORONTO.CTVNEWS.CALocal medical officers of health across Ontario ask Ford government to reinstate paid sick leave,1,ctvtoronto
10159266435709579,2021-02-11 08:18:54,The Ontario government says every long-term care home resident in the province has now been offered their first dose of a COVID-19 vaccine.TORONTO.CTVNEWS.CAOntario meets deadline for first doses of long-term care home COVID-19 vaccinations,4,ctvtoronto
10159265663934579,2021-02-10 21:38:48,Ultra-low cost carrier Flair Airlines is betting when COVID-19 restrictions begin to ease Canadians will want to travel but mostly within our own borders.TORONTO.CTVNEWS.CAFlair Airlines prepares to ramp up flights across Canada this summer,4,ctvtoronto
10159265498594579,2021-02-10 19:58:35,A spokesperson at U of T said that while its retention numbers have stayed relatively the same there have been many more deferrals.TORONTO.CTVNEWS.CAFirst-year university students in Toronto increasingly deferring school amid pandemic,4,ctvtoronto
10159265259714579,2021-02-10 18:29:42,The board confirmed that the teacher exercised with a colleague at the school despite the fact that recreational use of gyms and weight rooms by staff is prohibited.TORONTO.CTVNEWS.CABrampton high school teacher tests positive for U.K. variant of COVID-19,4,ctvtoronto
10159264985544579,2021-02-10 16:04:23,Fire Chief Matthew Pegg said that some of the larger sites will have enough staff to immunize up to 40 people at a time.TORONTO.CTVNEWS.CAToronto releases location of nine immunization clinics but they won't open until COVID-19 vaccine supply improves,0,ctvtoronto
10159264961619579,2021-02-10 15:48:06,Health authorities in Niagara Region are warning about a COVID-19 vaccination scam.TORONTO.CTVNEWS.CAScammers asking for COVID-19 vaccination money Niagara health officials warns,0,ctvtoronto
10159264932474579,2021-02-10 15:30:48,A man has been charged after allegedly showing a fraudulent negative COVID-19 test at one of Toronto Pearson International Airport’s checkpoints.TORONTO.CTVNEWS.CATraveller tried to use a fraudulent COVID-19 test at Toronto airport police say,1,ctvtoronto
10159264893629579,2021-02-10 15:17:56,The government said that 218 tickets have been issued to businesses found to be violating COVID-19 rules and regulations since the beginning of January.TORONTO.CTVNEWS.CAOntario conducts inspection blitz of distribution centres in Peel Region,0,ctvtoronto
10159264887559579,2021-02-10 15:14:24,My gut tells me April is going to be the ugly month.TORONTO.CTVNEWS.CAOntario likely to be hit by 'ugly' third wave of COVID-19 around April expert says,1,ctvtoronto
10159264685729579,2021-02-10 13:30:02,Public health restrictions loosened in three Ontario regions on Wednesday with local officials warning that visitors from other areas weren't welcome at reopened businesses.TORONTO.CTVNEWS.CAOntario health units with low COVID-19 transmission urge caution as province gradually reopens,4,ctvtoronto
10159264423879579,2021-02-10 11:02:30,Ontario's Progressive Conservative government has spent the entire $13 billion COVID-19 contingency fund the province's finance minister revealed.TORONTO.CTVNEWS.CAOntario government spent entire $13 billion COVID-19 contingency fund,2,ctvtoronto
10159264337934579,2021-02-10 10:19:24,Ontario health officials are reporting fewer than 1100 new cases of COVID-19 for the second straight day.TORONTO.CTVNEWS.CAOntario logs fewer than 1100 new COVID-19 cases for second day in a row,3,ctvtoronto
10159262335674579,2021-02-09 13:47:13,Forty-seven more cases of COVID-19 were found in Ontario schools in the last 24-hour period. Thirty-four of those cases were recorded in students while 10 were found in staff members.TORONTO.CTVNEWS.CACOVID-19 cases in Ontario schools and child-care centres as of Feb. 9,4,ctvtoronto
10159262080564579,2021-02-09 12:12:00,We know that this government seems to make the same mistakes over and over again when it comes to its response to COVID-19.TORONTO.CTVNEWS.CANDP says ending state of emergency sends dangerous message slams Ford's 'mixed messages',1,ctvtoronto
10159261871789579,2021-02-09 10:37:57,Health Canada has approved extracting six doses from each vial of Pfizer's COVID-19 vaccine rather than five.CTVNEWS.CAHealth Canada approves extracting one extra dose from Pfizer vaccine vials,0,ctvtoronto
10159261849839579,2021-02-09 10:27:32,#BREAKING: Ontario health officials are reporting just over 1000 new cases of COVID-19 a record drop in new infections that has not been seen in months.TORONTO.CTVNEWS.CAOntario reports just over 1000 new cases of COVID-19 marking a drop not seen in months,4,ctvtoronto
10159260826299579,2021-02-08 21:12:05,As COVID-19 case numbers decline Ontario Premier Doug Ford has announced that his government would begin gradually moving parts of the province back into its colour-coded framework.TORONTO.CTVNEWS.CAWhat changes to the colour-coded COVID-19 system mean for Ontario,1,ctvtoronto
10159260453544579,2021-02-08 18:28:51,More than 617 people have raised $17240 for the woman who hasn’t taken a break throughout the COVID-19 pandemic.TORONTO.CTVNEWS.CAToronto man raises more than $17000 for 70-year-old woman who has worked at KFC for almost 50 years,4,ctvtoronto
10159259510724579,2021-02-08 12:05:05,Seven more cases of the COVID-19 variant first found in the U.K. have been linked to an outbreak at a Toronto meat production facility.TORONTO.CTVNEWS.CAToronto links 7 more cases of COVID-19 variant first seen in U.K. to outbreak at meat production facility,4,ctvtoronto
10159259330209579,2021-02-08 10:23:48,#BREAKING: Ontario is recording fewer than 1500 new cases of COVID-19 for the third straight day.TORONTO.CTVNEWS.CAOntario records fewer than 1500 new COVID-19 cases for third straight day,4,ctvtoronto
10159259039244579,2021-02-08 07:36:54,Shots were “offered to non-frontline staff who work or volunteer for the residence and specific family members of staff and volunteer board members” a spokesperson said.TORONTO.CTVNEWS.CAVaughan Ont. long-term care home gave COVID-19 vaccine to family of board members non-frontline staff,0,ctvtoronto
10159259020729579,2021-02-08 07:27:49,Schools in three COVID-19 hot spots -- Toronto Peel and York Region -- remain closed until Feb. 16.TORONTO.CTVNEWS.CAMore Ontario schools reopen to in-person learning today,3,ctvtoronto
10159257724514579,2021-02-07 16:41:15,#BREAKING: Canada's first case of the coronavirus variant first detected in Brazil has been reported in Toronto.TORONTO.CTVNEWS.CAToronto reports Canada's first case of COVID-19 variant first seen in Brazil,4,ctvtoronto
10159257126174579,2021-02-07 12:16:22,A new hospital began accepting COVID-19 patients on Sunday from hospitals in York Region and Toronto that neared their breaking points due to the pandemic.Full story: https://toronto.ctvnews.ca/1.5299120,3,ctvtoronto
10159256860624579,2021-02-07 10:20:20,#BREAKING: Ontario has logged nearly 1500 new cases of COVID-19 and 22 more deaths as hospitalizations related to the disease continue to drop.TORONTO.CTVNEWS.CAOntario logs nearly 1500 new cases of COVID-19 and 22 more deaths,4,ctvtoronto
10159256726039579,2021-02-07 09:14:54,Ontario’s first brand new hospital in decades opened its doors Sunday.TORONTO.CTVNEWS.CABrand-new hospital in Vaughan Ont. begins accepting COVID-19 patients,4,ctvtoronto
10159254199419579,2021-02-06 10:17:46,#BREAKING: Ontario health officials are reporting nearly 1400 new COVID-19 cases and 45 more deaths related to the disease.TORONTO.CTVNEWS.CAOntario logs nearly 1400 new cases of COVID-19 and 45 more deaths,4,ctvtoronto
10159253478244579,2021-02-06 03:12:10,George Pappas of Pappas Law shares advice on how to approach family law proceedings during the pandemic and highlights the steps involved.TORONTO.CTVNEWS.CADealing with family law proceedings during the pandemic,0,ctvtoronto
10159253041374579,2021-02-05 23:12:04,Three international travellers have been slapped with a $750 fine after refusing to take a COVID-19 test when arriving into the country.TORONTO.CTVNEWS.CAThree international travellers slapped with $750 fine in Toronto for refusing COVID-19 test,4,ctvtoronto
10159252927194579,2021-02-05 22:12:04,The city of Toronto is facing a $324-million cut to its capital projects in 2021 if it doesn't receive the funding it needs to cover pandemic-related losses.TORONTO.CTVNEWS.CACapital cuts: Which city projects are on the chopping block without pandemic cash from feds province,0,ctvtoronto
10159252864404579,2021-02-05 21:38:34,Four cases of COVID-19 at a geriatric hospital in North York have screened positive for a COVID-19 variant.TORONTO.CTVNEWS.CAFour COVID-19 cases at Baycrest Hospital screen positive for variants of concern,4,ctvtoronto
10159252434269579,2021-02-05 18:21:04,I want people to see what is actually happening in our hospitals.TORONTO.CTVNEWS.CAFirst look at Ontario government's gritty COVID-19 Super Bowl commercials,4,ctvtoronto
10159251263009579,2021-02-05 11:04:07,Two more cases of COVID-19 were found in Ontario schools in the last 24-hour period. One of those cases was recorded in a student while the details of the other positive case were not disclosed.TORONTO.CTVNEWS.CACOVID-19 cases in Ontario schools and child-care centres as of Feb. 5,4,ctvtoronto
10159251162759579,2021-02-05 10:16:49,#BREAKING: Ontario reported more than 1600 new cases of COVID-19 Friday and 45 more deaths related to the disease while citing an “overestimation” in Toronto’s count due to a data migration.TORONTO.CTVNEWS.CAOntario reports more than 1600 new COVID-19 cases 45 deaths while citing 'overestimation' in Toronto,4,ctvtoronto
10159251055804579,2021-02-05 09:33:38,To date at least 116 inmates and 64 staff have tested positive for COVID-19 according to the union representing workers at the institution.TORONTO.CTVNEWS.CAMinistry of Labour issues nine unsafe work orders to Milton prison dealing with COVID-19 outbreak,2,ctvtoronto
10159249633754579,2021-02-05 02:12:07,A recent survey found since the beginning of the COVID-19 pandemic more Canadians are considering life insurance or reviewing polices they already have.TORONTO.CTVNEWS.CAMore Canadians consider life insurance during pandemic survey suggests,4,ctvtoronto
10159248686374579,2021-02-04 17:07:33,Nearly 70 workers at a downtown construction site tested positive for COVID-19 over a one-month period following the holidays but details about the outbreak were never publicly released by Toronto Public Health.TORONTO.CTVNEWS.CALocation of all COVID-19 workplace outbreaks in Toronto to be released including major incident with nearly 70 cases,3,ctvtoronto
10159247537074579,2021-02-04 10:16:43,#BREAKING: Ontario reported its lowest COVID-19 positivity rate in months as the province added more than 1500 new cases and 88 deaths related to the disease.TORONTO.CTVNEWS.CAOntario’s COVID-19 positivity rate drops to lowest level in months as province records more than 1500 cases 88 deaths,4,ctvtoronto
10159246136449579,2021-02-03 22:12:11,It appears there could be up to 56000 small businesses waiting for a special grant to help keep the lights on during the latest COVID-19 pandemic shutdown in Ontario.TORONTO.CTVNEWS.CA'Waiting and waiting': Thousands of Ontario small business looking for grant money to keep lights on,3,ctvtoronto
10159245734729579,2021-02-03 18:48:29,We know that residents within a shelter often have a number of chronic illnesses and conditions that make one concerned about the potential impacts of COVID-19.TORONTO.CTVNEWS.CAMore than 20 COVID-19 cases linked to outbreak at Seaton House,0,ctvtoronto
10159245379939579,2021-02-03 16:22:33,Liberal MPP John Fraser penned a letter to Government House Leader Paul Calandra asking him to consider holding both in-person and virtual sittings for the winter session of the legislature.TORONTO.CTVNEWS.CAOntario MPPs ask for virtual meetings at Queen's Park amid COVID-19 pandemic,0,ctvtoronto
10159244735429579,2021-02-03 12:58:39,Toronto has unveiled a new COVID-19 Response Plan to provide enhanced support for Black Torontontians amid the pandemic.TORONTO.CTVNEWS.CAToronto launches initiative to support Black community disproportionately impacted by COVID-19,2,ctvtoronto
10159244405694579,2021-02-03 10:17:58,#BREAKING: Ontario is reporting fewer than 1200 new cases of COVID-19 Wednesday and 67 more deaths related to the disease.TORONTO.CTVNEWS.CAFewer than 1200 new cases of COVID-19 reported in Ontario another 67 deaths logged,4,ctvtoronto
10159244094204579,2021-02-03 07:48:56,The decision will follow a recommendation from the province's chief medical officer of health Dr. David Williams.TORONTO.CTVNEWS.CAOntario expected to announce today when schools in COVID-19 hot spots can reopen,3,ctvtoronto
10159243443249579,2021-02-03 00:12:07,Researchers say the pandemic has had a profound effect on the mental health of children.TORONTO.CTVNEWS.CA'Kids are not all right': Mental health among Ontario children deteriorating,3,ctvtoronto
10159242758469579,2021-02-02 18:56:06,A small group of university students is working to ensure that youth experiencing homelessness have the essential hygiene and COVID-19 products they need during this pandemic.TORONTO.CTVNEWS.CA'Our way of giving back': Students create hygiene kits for youth experiencing homelessness,2,ctvtoronto
10159242530259579,2021-02-02 17:29:01,A COVID-19 outbreak that claimed the lives of more than 80 people at Tendercare Living Centre a long-term care home in Scarborough Ont. is officially over.TORONTO.CTVNEWS.CACOVID-19 outbreak at Scarborough long-term care home that claimed dozens of lives now declared over,4,ctvtoronto
10159241965599579,2021-02-02 12:58:32,WATCH LIVE: Premier Doug Ford provides update on Ontario's COVID-19 vaccine rolloutTORONTO.CTVNEWS.CAOntario pushes back plan to have first doses of COVID-19 vaccine administered in long-term care homes,4,ctvtoronto
10159241709184579,2021-02-02 11:11:46,Capt. Tom Moore the British Second World War veteran who raised millions of pounds for health service workers on the frontline of the battle against COVID-19 has died aged 100 his family said on Tuesday.CTVNEWS.CAU.K.'s Captain Tom Moore has died after testing positive for COVID-19 family says,3,ctvtoronto
10159241625539579,2021-02-02 10:41:22,Another 22 cases of COVID-19 were reported in Ontario schools that are open for in-person learning Tuesday.TORONTO.CTVNEWS.CACOVID-19 cases in Ontario schools and child-care centres as of Feb.2,0,ctvtoronto
10159241566019579,2021-02-02 10:20:45,#BREAKING: Ontario is recording 745 new COVID-19 cases as health officials say a data migration has resulted in an underestimation of Tuesday’s count.TORONTO.CTVNEWS.CAOntario records 745 new COVID-19 cases while citing data issue,4,ctvtoronto
10159241559544579,2021-02-02 10:16:05,The Novavax COVID-19 vaccine is likely at least two months away from being approved in Canada while the NRC facility is still under construction and designed to produce only about two million doses a month.CTVNEWS.CACanada signs deal with Novavax to make its COVID-19 vaccine at new Montreal facility,2,ctvtoronto
10159241340649579,2021-02-02 07:57:07,CTVNewsToronto.ca will stream the premier’s news conference live at 1 p.m.TORONTO.CTVNEWS.CAPremier Ford to provide update on Ontario's COVID-19 vaccination plan,4,ctvtoronto
10159240500559579,2021-02-01 23:12:13,Restauranteur Jordan Rulloda has been grinding through this pandemic.TORONTO.CTVNEWS.CATwo Ontario men start fundraiser to help small businesses suffering through pandemic,1,ctvtoronto
10159239715629579,2021-02-01 17:22:59,Two senior ministers within Ontario's Progressive Conservative government will appear before the COVID-19 commission into long-term care CTV News Toronto has learned to discuss the province's response during the pandemic.TORONTO.CTVNEWS.CAOntario health and long-term care ministers to appear before commission investigating COVID-19 crisis,0,ctvtoronto
10159239554349579,2021-02-01 16:34:51,The minister will be coming out in the next day or two to announce that Ford said.TORONTO.CTVNEWS.CAOntario to announce in 'next day or two' whether schools will reopen on Feb. 10 in COVID-19 hot zones,3,ctvtoronto
10159239452739579,2021-02-01 15:38:30,#BREAKING: The first case of the South African COVID-19 variant has been found in Ontario and the infected individual has no travel history according to health officials.TORONTO.CTVNEWS.CAFirst case of South African COVID-19 variant found in Ontario,3,ctvtoronto
10159239364254579,2021-02-01 14:59:48,Toronto health officials have confirmed two cases of the U.K. variant amid an outbreak of COVID-19 at a meat production facility.TORONTO.CTVNEWS.CAToronto COVID-19 outbreak at meat production facility believed to be linked to U.K. variant,4,ctvtoronto
10159238790199579,2021-02-01 11:30:34,There were 43 cases of COVID-19 reported in schools across Ontario in the past two weeks.TORONTO.CTVNEWS.CACOVID-19 cases in Ontario schools and child-care centres as of Feb.1,1,ctvtoronto
10159238697034579,2021-02-01 10:50:11,About 40 per cent of businesses inspected in Ontario over the weekend were found to not be complying with provincial COVID-19 regulations.TORONTO.CTVNEWS.CAAbout 40 per cent of Ontario businesses inspected over weekend violated COVID-19 rules,0,ctvtoronto
10159238634479579,2021-02-01 10:15:32,#BREAKING: Ontario has recorded nearly 2000 new COVID-19 cases and confirmed 36 more deaths.TORONTO.CTVNEWS.CAOntario records nearly 2000 new COVID-19 cases 36 more deaths,4,ctvtoronto
10159238169624579,2021-02-01 07:26:47,The province announced the plan on Friday the same day the federal government announced a similar program that's set to take effect in the coming weeks.TORONTO.CTVNEWS.CAMandatory COVID-19 testing of international travellers takes effect in Ontario today,0,ctvtoronto
10159235802189579,2021-01-31 11:13:56,BREAKING NEWS: Canada has now recorded more than 20000 deaths connected to COVID-19 marking another grim milestone in the country's fight against the novel coronavirus.CTVNEWS.CACanada surpasses 20000 deaths due to COVID-19,1,ctvtoronto
